https://worldpopulationreview.com/states,,,,,,,,,,,,,,,,,
,,,,,,,,,,,,,,,,,
,,,,,,,,,,,,,,,,,
statename,religious_adults_rate,democratic_votes_rate,life_expectancy,republican_votes_rate,education_hs_or_over_rate,education_bs_or_over_rate,people_in_poverty,smoking_rate,total_guns,married_rate,divorced_rate,widowed_rate,separated_rate,never_married_rate,obesity_rate,population_in_2021,median_age
Alabama,0.77,0.370886252,73.2,0.629113748,86.9,26.2,762642,20.2,161641,48,12.2,6.9,2.1,30.8,36.1,5048733,39.2
Alaska,0.45,0.447381513,76.6,0.552618487,93.1,30,74369,17.4,15824,49.2,11.4,4,1.8,33.7,30.5,735707,34.6
Arizona,0.53,0.501568317,76.3,0.498431683,87.9,30.3,990528,14.9,179738,47.2,12.2,5.5,1.7,33.4,31.4,7227450,37.9
Arkansas,0.7,0.357875667,73.8,0.642124333,87.2,23.8,470190,20.2,79841,49.7,12.9,6.9,2.2,28.2,37.4,3021085,38.3
California,0.49,0.649089114,79,0.350910886,83.9,34.7,4853434,10,344622,46.8,9.2,4.9,1.9,37.1,26.3,39766650,36.7
Colorado,0.47,0.569383195,78.3,0.430616805,92.1,41.6,544232,13.5,92435,49.8,11.9,4.3,1.4,32.6,23.8,5848166,36.9
Connecticut,0.43,0.601950491,78.4,0.398049509,90.9,40,339156,12.1,82400,47.8,10.5,5.7,1.2,34.8,29.1,3609129,41.1
Delaware,0.52,0.596267442,76.7,0.403732558,90.6,32.7,107641,15.9,4852,47.8,11.2,6.1,1.6,33.4,34.4,999149,41
Florida,0.54,0.483052453,77.5,0.516947547,88.5,30.5,2772939,14.8,343288,46.5,13,6.8,2.1,31.5,27,21811875,42.2
Georgia,0.66,0.501193297,75.6,0.498806703,87.9,32.2,1461572,16.3,190050,46.8,11.2,5.4,2.1,34.5,33.1,10814334,36.9
Hawaii,0.47,0.650326646,80.7,0.349673354,92.5,33.6,127971,12.3,7859,49.8,9.1,6.3,1.3,33.5,25,1464768,39.4
Idaho,0.51,0.341228571,78.4,0.658771429,91.3,28.7,205676,15.3,49566,54.9,12,5,1.1,27,29.5,1866258,36.6
Illinois,0.51,0.586590437,76.8,0.413409563,89.7,35.5,1488670,14.5,146487,47.7,9.7,5.8,1.5,35.2,31.6,12810696,38.3
Indiana,0.54,0.418049354,75,0.581950646,89.3,27.2,838149,19.2,114019,48.9,12.3,5.9,1.3,31.5,35.3,6815701,37.8
Iowa,0.55,0.458167369,77.5,0.541832631,92.5,29.3,339090,16.4,28494,51.9,10.8,6,1.1,30.2,33.9,3204770,38.3
Kansas,0.55,0.425065717,76.4,0.574934283,91.4,33.9,323644,16.2,52634,52.2,11.2,5.7,1.3,29.5,35.2,2946356,36.9
Kentucky,0.63,0.367998971,73.5,0.632001029,87.2,25,717895,23.6,81058,49.4,13,6.7,2,29,36.5,4522483,39
Louisiana,0.71,0.405355595,73.1,0.594644405,85.9,24.9,845230,21.9,116831,43.7,11.6,6.5,2.4,35.8,35.9,4670195,37.2
Maine,0.34,0.546704046,77.8,0.453295954,93.2,32.5,144384,17.6,15371,50.7,13.9,6.3,1,28.1,31.7,1365759,44.8
Maryland,0.54,0.67029047,76.8,0.32970953,90.6,40.9,531553,12.7,103109,47.2,9.9,5.6,2,35.3,32.3,6217591,38.8
Massachusetts,0.33,0.671155495,79,0.328844505,91.1,44.5,653454,12,37152,46.6,9.4,5.4,1.6,37,25.2,7078146,39.6
Michigan,0.53,0.514135593,76,0.485864407,91.3,30,1337256,18.7,65742,48.1,11.6,5.9,1.2,33.2,36,10096700,39.8
Minnesota,0.49,0.536395136,79.1,0.463604864,93.4,36.8,511185,14.6,79307,51.7,10.2,4.9,1,32.2,30.1,5746751,38.1
Mississippi,0.77,0.41619166,71.9,0.58380834,85.3,22.8,564439,20.4,35494,45,11.5,7.1,2.7,33.8,40.8,2960677,37.7
Missouri,0.6,0.421641794,75.1,0.578358206,90.6,29.9,772992,19.6,72995,49.4,12.2,6.3,1.8,30.4,34.8,6171512,38.7
Montana,0.48,0.416028199,76.8,0.583971801,94,33.1,132476,16.6,22133,52,12.5,5.7,1.2,28.6,28.3,1093706,40.1
Nebraska,0.54,0.402159478,77.7,0.597840522,91.6,32.5,193820,14.7,22234,52.7,10.2,5.6,1,30.5,34.1,1975020,36.6
Nevada,0.49,0.512231173,76.3,0.487768827,86.9,25.5,381695,15.7,76888,45.7,13.8,5.2,2.1,33.2,30.6,3145020,38.2
New Hampshire,0.33,0.537483477,79,0.462516523,93.3,37.6,97418,15.9,64135,51.8,12,5.5,1.1,29.6,31.8,1383635,43
New Jersey,0.55,0.580712836,77.5,0.419287164,90.3,40.7,842704,13.1,57505,49.8,8.6,5.8,1.8,33.9,27.3,9338704,40
New Mexico,0.57,0.555184902,74.5,0.444815098,86.5,28.1,381026,16,97580,43.9,13.3,5.9,1.6,35.3,31.7,2123356,38.1
New York,0.46,0.617271769,77.7,0.382728231,87.2,37.5,2581048,12.7,76207,45.2,8.8,5.8,2.3,37.9,27.1,20283564,39
North Carolina,0.65,0.493157993,76.1,0.506842007,88.5,32,1411939,18.5,152238,48.6,10.7,6.1,2.5,32,34,10529778,38.9
North Dakota,0.53,0.327825916,76.9,0.672174084,93.1,30.7,77491,17,13272,52.4,9.4,5.6,0.8,31.8,34.8,789744,35.2
Ohio,0.58,0.459233024,75.3,0.540766976,90.8,28.9,1546011,20.8,173405,47.5,12,6.3,1.6,32.6,34.8,11825742,39.5
Oklahoma,0.66,0.330599605,74.1,0.669400395,88.6,26.1,585520,18.9,71269,49,13.1,6.6,2,29.3,36.8,3980153,36.7
Oregon,0.48,0.58307157,78.8,0.41692843,91.1,34.4,506558,14.5,61383,49.5,12.7,5.2,1.4,31.2,29,4277874,39.5
Pennsylvania,0.53,0.505892053,76.8,0.494107947,91,32.3,1480430,17.3,236377,48.3,9.7,6.6,2,33.5,33.2,13032732,40.9
Rhode Island,0.49,0.605993599,78.2,0.394006401,89.2,35,117785,13.3,4223,44.6,11.1,6,1.3,37,30,1101860,40
South Carolina,0.7,0.440733913,74.8,0.559266087,88.3,29,726470,17.5,105601,47.3,10.7,6.7,2.7,32.6,35.4,5167731,39.7
South Dakota,0.59,0.365652201,76.7,0.634347799,92.2,29.3,108863,18.3,21130,51.4,10.8,5.8,1,31,33,893916,37.2
Tennessee,0.73,0.381722296,73.8,0.618277704,88.2,28.2,965213,19.9,99159,49.2,12.2,6.3,2,30.3,36.5,6967314,38.8
Texas,0.64,0.471692788,76.5,0.528307212,84.4,30.7,3984260,14.7,588696,48.9,10.5,5,2.3,33.3,34,29545499,34.8
Utah,0.64,0.393063949,78.6,0.606936051,93,34.7,283360,7.9,72856,55.8,9,3.6,1.3,30.3,29.2,3322389,31.1
Vermont,0.34,0.682991866,78.8,0.317008134,93.5,39.7,64700,15.1,5872,48.8,12.5,5.8,1.1,31.8,26.6,644811,42.8
Virginia,0.61,0.55154687,77.6,0.44845313,90.3,39.5,826708,14,307822,49.7,10.1,5.7,2.1,32.4,31.9,8694430,38.4
Washington,0.45,0.599255032,79.2,0.400744968,91.7,36.7,751044,12.6,91835,51,11.5,4.8,1.4,31.3,28.3,7803355,37.8
West Virginia,0.69,0.302014677,72.8,0.697985323,87.6,21.3,300152,23.8,35264,49.9,13.2,7.8,1.4,27.6,39.7,1787788,42.7
Wisconsin,0.45,0.503190633,77.7,0.496809367,92.6,30.8,620947,15.4,64878,50.4,10.9,5.5,0.9,32.3,34.2,5914391,39.6
Wyoming,0.54,0.275195656,76.3,0.724804344,93.6,28.2,61006,18.4,132806,54.3,12.2,5.3,1.3,26.9,29.7,578173,38
District of Columbia,0.1,,,,,,,,,,,,,,,,