building_type,central_ac_yn,sq_ft_first_floor,sq_ft_second_floor,bathrooms,bedrooms,year_sold,sale_price
OneFam,Y,916,910,1,4,2009,155000
OneFam,Y,1291,0,1,2,2008,173000
Duplex,N,1088,1040,2,4,2009,62500
OneFam,Y,662,662,1,3,2010,122000
OneFam,Y,967,0,1,2,2007,99900
OneFam,Y,1266,0,2,2,2008,159895
OneFam,Y,816,0,1,2,2009,58500
OneFam,Y,707,682,1,3,2009,135000
OneFam,Y,720,564,1,2,2009,110000
OneFam,N,442,228,1,2,2007,64000
OneFam,Y,664,624,1,3,2009,119000
OneFam,Y,687,671,1,3,2007,124500
OneFam,N,684,684,1,3,2006,114504
OneFam,N,796,0,1,2,2008,55000
OneFam,Y,816,0,1,2,2007,75200
OneFam,Y,1246,0,2,2,2008,187687
OneFam,Y,1266,0,2,2,2007,185485
OneFam,Y,866,0,1,2,2007,110500
OneFam,Y,818,406,1,3,2009,115000
OneFam,N,502,502,1,2,2006,105000
OneFam,Y,567,531,1,2,2007,148500
OneFam,Y,864,0,1,2,2009,99900
OneFam,Y,861,517,1,3,2009,128900
OneFam,N,693,0,1,2,2006,52500
OneFam,Y,729,0,1,2,2008,52000
OneFam,Y,774,0,1,3,2007,79000
OneFam,Y,704,0,1,2,2009,88750
OneFam,N,694,0,1,2,2007,90350
OneFam,Y,825,784,1,3,2008,127500
OneFam,Y,840,0,1,3,2007,87000
OneFam,Y,734,384,1,2,2006,116000
OneFam,Y,1478,0,2,2,2010,222000
OneFam,N,1022,0,1,2,2007,89500
OneFam,Y,936,0,1,2,2010,109500
OneFam,Y,848,672,1,3,2009,159434
OneFam,N,624,720,1,4,2008,98000
OneFam,Y,616,616,1,3,2007,114000
OneFam,Y,747,0,1,2,2010,80000
OneFam,Y,774,456,1,3,2006,121600
OneFam,N,1020,0,1,2,2006,64500
OneFam,Y,1157,687,1,3,2010,80400
OneFam,N,680,680,1,2,2008,111000
OneFam,Y,672,0,1,2,2008,64000
OneFam,Y,1196,0,1,2,2007,109900
OneFam,N,1296,0,2,2,2010,104000
OneFam,Y,453,453,1,2,2008,87000
OneFam,Y,755,755,1,3,2006,149000
OneFam,Y,1001,653,2,3,2009,137000
OneFam,N,765,0,1,2,2010,87000
OneFam,Y,1026,665,2,3,2010,127000
OneFam,Y,832,378,1,3,2008,124000
OneFam,Y,1013,0,1,3,2008,113000
OneFam,N,334,0,1,1,2007,39300
OneFam,N,666,0,1,2,2007,64500
OneFam,N,803,0,1,2,2007,87000
OneFam,N,889,551,1,3,2006,79000
OneFam,Y,1004,660,2,3,2006,159000
OneFam,Y,833,833,1,3,2008,161000
OneFam,Y,949,343,1,3,2008,108000
OneFam,N,671,378,1,2,2008,80900
OneFam,Y,1204,462,1,3,2009,135000
OneFam,Y,892,0,1,1,2009,70000
OneFam,Y,808,0,1,2,2007,112000
OneFam,Y,617,462,1,2,2008,125600
OneFam,Y,879,0,1,2,2006,80000
OneFam,N,764,0,1,2,2008,73000
OneFam,N,938,1215,2,4,2008,122000
OneFam,Y,1453,0,1,2,2006,190000
OneFam,N,825,536,1,2,2008,89000
OneFam,Y,1001,634,1,2,2006,117000
OneFam,Y,708,0,1,2,2009,82500
OneFam,Y,1306,0,1,3,2010,76500
OneFam,Y,730,720,1,3,2008,132000
OneFam,Y,661,589,2,3,2007,139000
OneFam,N,599,0,1,2,2009,59000
OneFam,Y,840,534,1,2,2009,105000
OneFam,Y,1044,0,1,3,2009,119000
OneFam,Y,672,0,1,2,2008,86900
OneFam,Y,1027,0,1,2,2008,120000
OneFam,Y,691,0,1,2,2007,86000
OneFam,Y,1149,467,2,3,2007,152000
OneFam,Y,864,0,1,3,2007,118000
OneFam,Y,833,0,1,2,2006,117000
OneFam,Y,1073,0,1,2,2006,108480
OneFam,Y,796,358,1,3,2010,125500
OneFam,Y,792,0,1,2,2009,99900
OneFam,Y,926,0,1,3,2010,130000
OneFam,Y,882,0,1,1,2007,103200
OneFam,Y,1073,0,2,2,2006,157000
OneFam,Y,929,929,1,5,2009,104000
OneFam,Y,565,651,1,3,2008,115000
OneFam,N,1147,510,1,4,2006,111500
OneFam,Y,1088,110,1,4,2008,79900
OneFam,N,864,0,1,2,2008,98000
OneFam,Y,844,0,1,2,2006,111500
OneFam,N,933,240,2,3,2007,113000
OneFam,N,969,245,1,2,2007,117000
OneFam,Y,813,0,1,2,2006,110000
OneFam,Y,572,539,1,2,2008,116900
OneFam,N,672,672,1,3,2007,140000
OneFam,Y,647,595,1,3,2009,105000
OneFam,Y,676,455,1,3,2009,66500
OneFam,Y,840,0,1,2,2006,64000
OneFam,Y,741,686,1,3,2009,123000
OneFam,Y,886,0,1,2,2009,91300
OneFam,N,840,765,2,3,2010,107400
OneFam,Y,1347,0,1,3,2010,143000
OneFam,Y,1163,0,1,3,2006,126175
OneFam,Y,747,0,1,1,2006,79900
OneFam,Y,1030,582,1,3,2010,128500
OneFam,Y,936,0,1,2,2010,129000
OneFam,Y,736,554,1,3,2008,106900
OneFam,Y,816,0,1,2,2008,120500
OneFam,Y,869,0,1,2,2006,85500
OneFam,Y,684,396,1,3,2008,95000
OneFam,N,612,0,1,1,2009,45000
OneFam,N,600,368,1,2,2009,37900
OneFam,Y,1131,0,1,2,2007,89471
OneFam,N,761,380,1,3,2007,85000
OneFam,Y,896,0,1,2,2008,79000
Duplex,N,624,624,2,2,2006,93500
OneFam,Y,608,524,1,2,2010,134000
OneFam,Y,848,348,1,3,2010,128000
OneFam,Y,780,636,1,3,2010,139900
OneFam,Y,768,560,1,3,2009,129500
OneFam,Y,757,567,1,3,2009,128000
OneFam,Y,786,390,1,2,2009,134900
OneFam,Y,884,464,1,3,2009,117000
OneFam,Y,825,587,1,4,2009,132500
OneFam,Y,822,320,1,3,2009,93000
OneFam,Y,904,0,1,2,2009,119000
OneFam,Y,728,728,1,4,2008,139500
OneFam,Y,789,0,1,2,2008,115000
OneFam,Y,928,0,1,3,2008,112500
OneFam,Y,901,0,1,2,2008,107900
OneFam,Y,884,656,1,3,2008,129400
OneFam,Y,1014,658,1,3,2008,164900
OneFam,Y,949,0,1,2,2008,119000
OneFam,Y,950,208,1,3,2008,120000
OneFam,Y,825,672,2,3,2008,157000
OneFam,Y,874,468,2,2,2008,105000
OneFam,Y,760,330,1,3,2008,120000
OneFam,Y,1092,564,1,3,2008,126000
OneFam,Y,866,430,1,3,2007,127500
OneFam,Y,679,504,1,2,2007,120000
OneFam,Y,960,0,1,2,2007,108500
OneFam,Y,608,624,1,3,2007,128000
OneFam,Y,869,349,1,3,2007,131000
OneFam,Y,816,750,1,5,2006,139000
OneFam,Y,1103,0,1,2,2006,110500
OneFam,Y,616,0,1,2,2006,89000
OneFam,Y,1008,0,2,4,2006,102000
OneFam,N,600,319,1,3,2010,95000
Duplex,N,1152,0,2,2,2008,82000
Duplex,N,1152,0,2,2,2008,82000
OneFam,Y,772,351,1,3,2007,100000
OneFam,Y,1001,0,1,2,2007,124900
OneFam,Y,1068,0,1,2,2010,109500
OneFam,Y,1067,472,1,3,2009,141500
OneFam,Y,989,584,1,3,2009,133000
OneFam,N,800,0,1,1,2009,60000
OneFam,Y,875,0,1,2,2009,105000
OneFam,Y,995,0,1,2,2009,115000
OneFam,Y,994,588,2,3,2009,150000
OneFam,N,808,0,1,1,2008,81300
OneFam,Y,1226,676,2,4,2008,123500
OneFam,Y,1022,752,2,2,2008,129900
OneFam,Y,884,0,1,2,2007,113000
OneFam,Y,903,378,1,2,2007,132500
OneFam,Y,939,574,1,4,2007,137500
OneFam,Y,854,0,1,2,2007,132000
OneFam,Y,728,434,1,3,2006,75000
OneFam,N,1015,0,1,3,2006,88000
OneFam,Y,741,583,1,3,2006,110000
OneFam,Y,728,546,2,3,2007,135000
OneFam,Y,784,0,1,2,2008,109500
OneFam,Y,751,611,2,3,2008,128000
OneFam,Y,1160,448,2,3,2009,137450
OneFam,Y,902,0,1,3,2007,125500
OneFam,N,986,0,1,2,2007,102000
OneFam,N,824,464,1,4,2006,112000
OneFam,N,954,795,1,5,2006,118500
OneFam,Y,548,492,1,2,2010,123900
OneFam,Y,928,608,2,4,2010,138400
OneFam,Y,848,0,1,2,2009,103000
OneFam,Y,624,512,1,2,2008,123000
OneFam,Y,1128,445,2,3,2008,162900
OneFam,Y,1245,764,2,4,2008,150000
OneFam,Y,861,548,1,3,2007,126000
OneFam,Y,899,423,1,4,2007,132000
OneFam,Y,1014,412,1,3,2007,131750
OneFam,Y,959,408,1,3,2007,127500
OneFam,Y,816,0,1,3,2006,114500
OneFam,Y,896,448,1,3,2006,115000
OneFam,N,672,240,1,2,2006,80500
OneFam,Y,1042,534,1,3,2006,149000
OneFam,Y,1682,0,1,1,2008,247900
Duplex,N,1001,1001,2,4,2007,145000
OneFam,Y,894,0,1,2,2007,120750
OneFam,Y,1044,0,1,3,2007,133500
OneFam,Y,768,0,1,1,2008,93850
OneFam,Y,877,600,2,3,2009,145000
OneFam,N,790,0,1,2,2008,91000
OneFam,Y,832,436,1,3,2009,160000
OneFam,Y,742,742,2,3,2008,128000
OneFam,Y,1226,878,2,5,2006,155000
OneFam,Y,1096,0,1,3,2010,125200
OneFam,Y,954,0,1,2,2007,119750
OneFam,N,520,0,1,1,2008,68500
OneFam,N,780,240,1,2,2010,94000
OneFam,Y,955,498,1,3,2010,132000
OneFam,Y,864,0,1,3,2008,119916
OneFam,Y,1048,0,1,2,2006,113000
OneFam,Y,984,0,1,2,2008,112500
OneFam,Y,960,0,1,2,2007,131750
OneFam,N,596,596,1,3,2009,78000
OneFam,Y,868,690,1,3,2009,150000
OneFam,Y,960,0,1,3,2010,90000
OneFam,Y,876,0,1,3,2009,85000
OneFam,Y,1148,0,1,2,2006,123500
OneFam,Y,972,605,1,3,2006,140200
OneFam,N,942,942,1,4,2010,93369
OneFam,Y,848,580,1,4,2006,139900
OneFam,N,799,351,1,3,2006,128000
OneFam,Y,816,0,1,2,2008,128500
OneFam,Y,1127,0,1,3,2008,135000
OneFam,Y,1742,0,2,2,2006,275000
OneFam,Y,1073,0,1,3,2007,140000
OneFam,N,894,0,1,2,2009,109500
OneFam,N,1378,994,2,4,2009,107500
OneFam,Y,816,0,1,3,2008,130500
OneFam,Y,816,0,1,2,2008,138000
OneFam,Y,845,0,1,3,2008,134500
OneFam,Y,864,0,1,2,2007,125500
OneFam,N,1432,0,1,3,2009,149000
OneFam,N,720,0,1,2,2008,72500
OneFam,N,697,672,2,3,2009,103600
OneFam,Y,1312,0,2,2,2007,180500
OneFam,N,851,585,1,3,2007,141500
OneFam,Y,796,0,1,2,2007,138000
OneFam,N,899,0,1,2,2008,78000
OneFam,Y,936,0,1,3,2007,130000
OneFam,Y,1208,0,2,2,2010,206000
OneFam,Y,1290,0,2,2,2009,200000
OneFam,Y,1208,0,2,2,2007,195400
OneFam,Y,1294,0,2,2,2006,193879
OneFam,Y,912,0,1,3,2008,142000
OneFam,Y,759,539,2,2,2007,146500
Duplex,N,1152,0,2,2,2008,82500
OneFam,Y,1296,0,2,2,2009,220000
OneFam,N,916,144,1,1,2007,136500
OneFam,N,841,806,1,4,2010,128000
OneFam,Y,1008,0,1,3,2007,131000
OneFam,Y,1146,784,2,4,2009,149000
OneFam,Y,1272,0,2,4,2008,141000
Duplex,N,1152,0,2,2,2007,61500
OneFam,Y,773,582,1,3,2007,127000
OneFam,Y,1040,0,1,3,2010,127000
OneFam,Y,827,424,1,3,2010,119000
OneFam,Y,778,0,1,2,2008,120500
OneFam,Y,1301,0,1,2,2009,100000
OneFam,Y,1352,0,1,3,2006,130000
OneFam,Y,760,896,2,3,2008,165400
OneFam,Y,914,0,1,2,2009,134900
OneFam,Y,923,0,1,3,2008,119500
OneFam,Y,874,0,1,3,2010,130000
OneFam,Y,624,312,1,3,2006,97900
OneFam,Y,864,0,1,3,2009,120500
OneFam,Y,798,504,1,2,2007,165250
OneFam,Y,1120,0,1,3,2007,129000
OneFam,Y,960,0,1,2,2007,103000
Duplex,Y,1056,0,0,0,2010,144000
OneFam,Y,1236,0,1,3,2006,135000
OneFam,Y,1016,868,2,3,2009,240900
OneFam,Y,864,0,1,3,2009,136500
OneFam,Y,919,0,1,2,2008,126000
OneFam,Y,1134,0,1,2,2007,135000
OneFam,Y,925,0,1,3,2007,99000
OneFam,Y,720,495,1,3,2007,141000
OneFam,Y,865,445,2,2,2006,112000
OneFam,Y,1150,0,1,3,2006,146000
OneFam,Y,864,0,1,3,2006,105000
OneFam,Y,743,736,1,3,2006,160000
OneFam,Y,861,424,1,3,2006,145400
OneFam,Y,788,448,2,3,2008,127000
Duplex,Y,1513,0,2,4,2009,113722
OneFam,Y,448,272,1,1,2006,86900
OneFam,Y,1144,594,2,3,2008,153000
OneFam,Y,979,224,1,3,2009,110000
Duplex,Y,1535,0,2,4,2009,118964
Duplex,Y,1224,0,0,2,2009,153337
Duplex,Y,1114,1114,2,6,2009,147983
Duplex,Y,1535,0,2,4,2009,118858
Duplex,Y,1535,0,2,4,2009,118858
Duplex,Y,1120,1120,2,6,2009,142953
Duplex,Y,1368,0,2,2,2006,215000
OneFam,Y,734,674,2,3,2007,171500
OneFam,Y,1132,0,1,2,2008,176000
OneFam,Y,1090,0,1,2,2007,157000
OneFam,Y,641,0,1,2,2006,85000
Duplex,Y,943,0,1,2,2006,135960
OneFam,Y,864,0,1,3,2009,76500
Duplex,Y,1229,0,0,2,2009,148325
OneFam,Y,1057,872,2,3,2007,226000
OneFam,Y,983,813,1,4,2008,140000
Duplex,Y,1344,0,2,2,2008,206300
OneFam,Y,980,0,1,3,2009,135000
OneFam,Y,894,0,1,3,2007,125000
OneFam,Y,816,0,1,2,2006,129900
OneFam,Y,1143,0,1,2,2008,138000
OneFam,Y,918,728,2,4,2007,164000
OneFam,Y,864,0,1,2,2009,130000
OneFam,Y,1360,0,1,3,2007,130000
Duplex,N,979,979,2,4,2007,145000
OneFam,Y,892,0,1,3,2009,100000
OneFam,Y,912,0,1,3,2009,123000
OneFam,Y,988,0,1,3,2007,129250
OneFam,Y,1040,500,1,4,2007,115000
OneFam,Y,1294,0,2,3,2008,179200
OneFam,Y,810,793,2,3,2006,175900
OneFam,Y,628,600,1,3,2009,137000
OneFam,Y,686,775,1,3,2007,135000
OneFam,Y,904,0,1,3,2008,109900
OneFam,Y,806,918,2,3,2006,196500
OneFam,Y,1040,0,1,3,2006,160500
OneFam,Y,864,0,1,3,2008,127000
OneFam,Y,1568,0,2,3,2006,221000
Duplex,Y,862,1788,3,6,2010,160000
Duplex,N,1040,0,2,2,2009,90000
Duplex,Y,936,0,1,2,2007,140000
OneFam,Y,827,0,1,2,2010,107500
OneFam,Y,900,0,1,3,2010,134800
OneFam,Y,804,0,1,2,2010,119000
OneFam,Y,930,760,2,4,2009,156500
OneFam,Y,1136,768,1,3,2009,138000
OneFam,Y,732,0,1,2,2009,118900
OneFam,N,1022,0,1,2,2009,85000
OneFam,Y,894,0,1,2,2009,123000
OneFam,Y,768,0,1,2,2009,133900
OneFam,Y,1125,0,1,3,2009,125000
OneFam,Y,575,560,1,3,2009,155000
OneFam,Y,876,0,1,2,2008,94000
OneFam,Y,1048,0,1,3,2008,98300
OneFam,Y,854,424,1,4,2008,127500
OneFam,Y,1024,564,1,3,2008,150000
OneFam,Y,825,0,1,2,2008,109500
OneFam,Y,1040,0,1,2,2008,127500
OneFam,Y,780,0,1,2,2008,124900
OneFam,Y,684,714,1,3,2008,160500
OneFam,Y,851,651,1,3,2008,149000
OneFam,Y,988,0,1,3,2007,119000
OneFam,Y,1238,0,1,3,2007,102000
OneFam,Y,864,0,1,3,2007,129000
OneFam,Y,1072,0,1,2,2007,130000
OneFam,N,581,530,1,3,2007,101000
OneFam,Y,864,0,1,3,2007,127000
OneFam,Y,875,0,1,3,2007,117000
OneFam,Y,981,787,1,3,2007,175000
OneFam,Y,874,0,1,3,2006,97500
OneFam,Y,1262,0,2,2,2006,185000
OneFam,Y,1301,0,2,2,2006,187750
OneFam,Y,774,821,2,3,2006,155500
OneFam,Y,1040,0,1,2,2006,109500
OneFam,Y,1040,0,1,2,2006,109900
OneFam,Y,864,0,1,2,2006,105000
OneFam,Y,998,764,1,4,2006,157000
OneFam,Y,803,557,1,2,2006,125500
OneFam,Y,984,0,1,3,2006,90000
OneFam,Y,864,0,1,3,2006,119900
OneFam,Y,858,0,1,2,2010,116500
OneFam,Y,1422,0,1,3,2007,136500
OneFam,Y,798,842,2,3,2008,183000
OneFam,Y,832,0,1,2,2008,105500
OneFam,Y,867,851,2,4,2007,238000
OneFam,Y,1270,0,2,2,2007,175900
OneFam,Y,768,0,1,2,2007,129500
OneFam,Y,1190,0,2,3,2009,166000
OneFam,Y,858,0,1,2,2009,134900
OneFam,Y,1436,884,2,3,2007,259500
OneFam,N,952,596,2,3,2009,205000
OneFam,Y,936,665,2,3,2007,129850
OneFam,N,976,0,1,2,2006,102000
OneFam,Y,1424,0,2,2,2008,168000
OneFam,Y,495,1427,3,4,2009,198500
OneFam,N,960,780,1,2,2008,122250
OneFam,N,407,0,1,1,2008,46500
OneFam,Y,1232,0,2,2,2009,194500
OneFam,Y,1170,0,1,3,2007,140000
OneFam,Y,1358,0,2,3,2007,204000
OneFam,Y,1450,0,2,2,2009,224243
OneFam,Y,864,0,1,2,2006,120000
OneFam,Y,858,0,1,2,2007,110000
OneFam,Y,1041,0,1,3,2009,128000
OneFam,Y,952,0,1,2,2008,139000
OneFam,Y,1222,0,2,2,2010,187000
OneFam,Y,975,873,2,3,2010,254000
OneFam,Y,1478,0,2,2,2009,240000
OneFam,Y,1327,0,1,3,2007,150750
OneFam,Y,1098,0,1,3,2008,135000
OneFam,Y,912,0,1,2,2008,99500
OneFam,Y,975,975,2,3,2007,239000
OneFam,Y,1126,0,1,2,2008,152000
OneFam,Y,1045,0,1,3,2006,120000
OneFam,Y,861,0,1,2,2009,80000
OneFam,Y,1220,0,2,2,2006,194000
OneFam,Y,1236,0,1,2,2010,149700
OneFam,Y,864,729,2,3,2008,193000
OneFam,Y,1057,0,1,3,2007,132000
Duplex,Y,1373,0,1,3,2010,160250
OneFam,Y,1195,473,1,3,2008,108000
OneFam,Y,894,0,1,2,2009,141500
OneFam,Y,936,316,1,3,2006,127000
OneFam,Y,1089,0,1,3,2009,125000
OneFam,Y,1486,0,2,3,2007,181000
OneFam,Y,788,0,1,2,2006,100000
OneFam,Y,1108,0,1,3,2007,139400
OneFam,Y,1074,0,1,2,2007,124000
OneFam,Y,725,754,1,4,2007,184000
OneFam,Y,1040,0,1,3,2007,145000
OneFam,Y,876,0,1,3,2010,127000
OneFam,Y,1208,0,2,2,2006,183600
OneFam,Y,1028,776,2,3,2010,189000
OneFam,Y,814,860,2,3,2010,216000
OneFam,Y,1040,0,1,3,2010,133000
OneFam,Y,1246,0,1,3,2010,154000
OneFam,Y,698,430,1,2,2010,68400
OneFam,Y,952,684,2,3,2009,191000
OneFam,Y,1058,816,2,3,2009,220000
OneFam,Y,1448,0,2,2,2009,238500
OneFam,Y,1221,0,2,2,2009,185000
OneFam,Y,1141,0,1,3,2009,152000
OneFam,Y,1158,0,1,3,2009,143500
OneFam,Y,753,741,1,3,2009,177500
OneFam,Y,1218,0,2,2,2008,230348
OneFam,Y,1080,0,1,3,2008,141000
OneFam,Y,952,860,2,3,2008,205000
OneFam,Y,957,1342,3,5,2007,204000
OneFam,Y,1100,0,1,3,2007,146000
OneFam,Y,1143,0,1,3,2007,147000
OneFam,Y,1040,0,1,3,2007,152000
OneFam,Y,1266,0,2,3,2006,176000
OneFam,Y,900,412,1,3,2006,127000
OneFam,Y,747,412,1,3,2008,114000
OneFam,Y,1387,0,1,3,2006,145000
OneFam,Y,665,665,1,3,2006,116500
OneFam,Y,912,0,1,2,2007,120000
OneFam,Y,912,0,1,2,2007,156000
OneFam,N,986,376,2,4,2007,96000
OneFam,Y,1172,741,1,3,2009,177000
OneFam,Y,1339,0,1,3,2009,139000
OneFam,Y,864,0,1,3,2008,123000
OneFam,Y,1040,0,1,3,2006,133700
OneFam,Y,993,813,1,4,2009,144750
OneFam,Y,1036,0,1,3,2008,112900
OneFam,Y,1002,454,1,4,2006,91500
OneFam,Y,901,901,1,4,2006,200100
OneFam,Y,1117,0,1,3,2008,136870
OneFam,Y,876,936,2,4,2007,169500
OneFam,Y,660,688,1,3,2006,155000
Duplex,Y,960,1000,2,4,2009,124500
OneFam,Y,845,0,1,2,2007,129500
OneFam,Y,798,714,2,3,2008,231000
OneFam,Y,714,662,1,2,2006,96900
OneFam,Y,1031,0,1,2,2009,145500
OneFam,Y,1095,561,2,2,2008,119164
OneFam,Y,831,754,2,3,2006,184900
OneFam,Y,1175,0,1,3,2010,148000
OneFam,Y,912,514,1,3,2007,189950
OneFam,Y,910,732,2,3,2007,168000
OneFam,Y,883,0,1,2,2009,149000
OneFam,Y,773,0,1,2,2008,110000
OneFam,Y,820,523,1,3,2009,154900
OneFam,Y,697,804,2,3,2006,165600
OneFam,Y,796,0,1,2,2009,131900
OneFam,Y,1204,0,1,3,2008,100000
OneFam,Y,1258,0,2,3,2007,173500
Duplex,Y,1216,1216,4,4,2010,159000
OneFam,Y,1051,788,1,4,2010,155000
OneFam,Y,882,0,1,3,2007,112500
OneFam,Y,1145,0,1,3,2006,127000
OneFam,Y,833,897,2,3,2009,171500
OneFam,Y,1034,0,1,3,2008,153000
OneFam,Y,1091,0,1,2,2009,131250
Duplex,Y,1440,0,2,4,2007,150000
OneFam,Y,728,728,2,3,2007,177594
Duplex,Y,1190,0,1,3,2006,132500
OneFam,Y,1142,0,1,3,2006,139500
OneFam,Y,741,622,1,3,2010,125500
OneFam,N,1032,0,1,2,2006,108000
OneFam,Y,955,0,1,3,2007,127000
OneFam,Y,774,656,2,3,2010,180000
OneFam,Y,779,640,2,3,2009,184100
OneFam,Y,774,656,2,3,2009,156000
OneFam,Y,707,707,2,3,2008,176000
OneFam,Y,660,660,2,3,2007,162000
OneFam,Y,1100,1164,2,4,2007,200000
OneFam,Y,999,0,1,3,2007,132500
OneFam,Y,1226,592,1,4,2007,169500
OneFam,Y,1283,0,1,3,2008,140000
OneFam,Y,1491,0,2,3,2007,178000
OneFam,Y,1014,0,1,2,2008,98000
OneFam,Y,912,0,1,3,2009,129000
OneFam,N,1160,908,1,3,2010,209500
OneFam,Y,716,716,2,3,2009,188500
OneFam,Y,1268,0,1,2,2010,132000
OneFam,Y,892,0,1,3,2010,137900
OneFam,Y,899,0,1,3,2009,130000
OneFam,Y,891,795,2,3,2006,184000
OneFam,Y,965,0,1,3,2006,119900
OneFam,Y,912,0,1,2,2006,115000
OneFam,Y,1112,896,3,3,2006,225000
OneFam,N,1091,0,1,2,2008,104000
Duplex,Y,960,960,2,4,2008,161900
OneFam,Y,1328,653,2,4,2009,135000
OneFam,Y,1230,525,2,4,2007,188000
OneFam,Y,1117,0,1,3,2010,107000
OneFam,Y,846,492,2,3,2006,92000
OneFam,Y,1180,0,1,2,2009,128000
OneFam,Y,492,0,1,1,2006,61500
OneFam,Y,864,0,1,2,2010,137250
OneFam,Y,799,772,2,3,2009,178000
OneFam,Y,900,0,1,3,2006,123000
Duplex,Y,1012,0,2,4,2006,127500
OneFam,Y,672,728,1,3,2006,149500
OneFam,Y,774,656,2,3,2009,168000
OneFam,Y,860,1100,2,4,2010,216500
OneFam,Y,807,702,2,3,2006,183200
OneFam,Y,1218,0,2,2,2009,208300
OneFam,Y,1144,0,1,3,2008,139950
OneFam,Y,691,862,2,3,2007,178750
OneFam,Y,1253,0,2,3,2007,176000
OneFam,Y,847,1101,2,4,2007,211000
OneFam,Y,807,702,2,3,2006,180000
OneFam,N,720,0,1,2,2009,34900
OneFam,Y,856,0,1,2,2010,126000
OneFam,Y,985,0,1,2,2010,105000
OneFam,Y,1242,0,1,3,2007,152000
OneFam,Y,1507,0,2,4,2008,127000
OneFam,Y,1675,0,2,3,2008,195000
OneFam,Y,953,694,2,3,2007,175000
OneFam,Y,1113,0,1,3,2007,148000
OneFam,Y,1035,371,1,3,2008,89500
OneFam,Y,914,0,1,3,2007,133000
OneFam,Y,1057,0,1,3,2010,109000
OneFam,Y,1026,0,1,3,2009,156000
OneFam,Y,1148,0,1,3,2009,132500
OneFam,Y,1269,0,1,3,2008,155000
OneFam,Y,1045,0,1,3,2009,127000
OneFam,Y,1003,0,1,3,2006,142500
Duplex,Y,1168,1619,4,6,2009,269500
OneFam,Y,1040,0,1,3,2007,136000
OneFam,Y,1029,0,1,3,2007,118500
OneFam,Y,1150,0,1,3,2006,141000
OneFam,Y,698,728,1,3,2009,159500
Duplex,Y,1168,1619,4,6,2009,269500
OneFam,Y,1187,0,2,3,2010,185000
OneFam,Y,868,762,2,3,2009,189500
OneFam,Y,924,0,1,3,2008,110000
OneFam,Y,1436,0,2,3,2009,225000
Duplex,N,1800,0,2,6,2007,141000
OneFam,Y,1492,0,2,3,2010,230000
OneFam,Y,972,0,1,2,2009,132000
OneFam,Y,1183,0,1,3,2009,138000
OneFam,Y,773,885,2,3,2008,188000
OneFam,Y,1256,0,1,3,2008,159000
OneFam,Y,1027,0,1,3,2008,125900
OneFam,Y,1084,793,2,4,2007,178900
OneFam,Y,1403,1008,2,4,2007,240050
OneFam,Y,1377,0,1,3,2007,156500
OneFam,Y,832,1103,2,3,2009,263435
OneFam,Y,951,0,1,2,2009,143500
OneFam,Y,840,880,2,3,2008,188000
OneFam,Y,1072,976,2,3,2007,301000
OneFam,Y,1034,0,1,3,2009,149900
OneFam,N,912,0,1,3,2006,124000
OneFam,Y,728,728,2,3,2008,176000
OneFam,Y,1339,0,2,2,2006,180000
OneFam,Y,1143,0,1,3,2010,136000
OneFam,Y,929,208,1,4,2008,96000
OneFam,Y,1107,0,1,3,2007,127000
OneFam,Y,914,0,1,2,2006,117250
OneFam,Y,948,742,2,3,2007,181000
OneFam,Y,816,408,1,3,2010,132000
OneFam,N,765,368,1,3,2009,128500
OneFam,Y,1064,0,1,3,2009,135000
OneFam,Y,819,501,2,3,2008,138000
OneFam,Y,672,252,1,3,2007,122900
OneFam,Y,1010,1257,2,4,2009,200000
OneFam,Y,990,0,1,3,2007,123600
OneFam,Y,990,0,1,3,2009,138000
OneFam,Y,1169,0,2,3,2006,183500
Duplex,Y,1560,0,2,4,2007,128600
OneFam,N,498,0,1,1,2006,35000
OneFam,Y,1419,0,2,2,2007,392000
OneFam,Y,1050,0,1,3,2006,156000
OneFam,Y,888,1074,1,4,2010,149500
OneFam,Y,1048,720,2,3,2009,155000
OneFam,Y,1403,0,2,2,2006,202000
OneFam,N,1075,1063,2,2,2009,106000
OneFam,Y,864,0,1,3,2008,135000
OneFam,Y,1559,0,1,2,2007,153500
OneFam,Y,864,0,1,3,2009,124500
OneFam,Y,953,711,2,3,2006,172400
OneFam,Y,1007,793,2,3,2009,179000
OneFam,Y,702,779,2,3,2009,174000
OneFam,Y,1112,438,2,2,2009,241000
OneFam,Y,1836,0,2,3,2009,264500
OneFam,Y,864,0,1,3,2009,118000
OneFam,Y,822,843,2,3,2008,205950
OneFam,Y,1679,0,2,3,2008,193500
OneFam,Y,925,0,1,3,2008,135000
OneFam,Y,858,0,1,3,2006,88000
OneFam,Y,756,797,2,3,2006,186500
OneFam,Y,858,858,2,3,2006,200825
OneFam,Y,778,798,2,3,2006,197000
OneFam,Y,1654,0,2,3,2006,230000
OneFam,Y,812,841,2,3,2009,209000
OneFam,Y,1062,0,1,3,2009,131000
OneFam,Y,680,790,2,3,2008,165000
Duplex,Y,1240,1240,2,5,2009,205000
OneFam,Y,738,738,2,3,2007,179400
OneFam,Y,717,322,1,2,2009,114000
OneFam,Y,540,0,1,1,2010,82000
OneFam,Y,780,420,1,4,2008,119000
OneFam,Y,884,884,2,3,2008,224900
OneFam,Y,860,869,2,3,2007,200000
OneFam,N,756,378,1,3,2007,126000
OneFam,Y,1144,0,1,3,2006,143000
OneFam,Y,912,0,1,3,2007,129000
OneFam,Y,1122,549,2,4,2006,218000
OneFam,Y,997,473,2,4,2008,135000
OneFam,Y,768,0,1,2,2007,125000
OneFam,Y,864,0,1,3,2007,79275
OneFam,Y,864,0,1,2,2006,115000
OneFam,Y,698,644,2,3,2009,178000
OneFam,Y,1056,0,1,3,2007,139000
OneFam,Y,948,0,1,3,2007,119000
OneFam,Y,1480,0,2,3,2010,214000
OneFam,Y,1285,0,1,3,2007,143500
OneFam,Y,728,728,2,3,2008,189000
OneFam,Y,847,1081,2,4,2007,219500
OneFam,N,864,0,1,2,2010,58500
OneFam,Y,854,444,1,3,2009,122000
OneFam,Y,1008,884,2,3,2008,226750
OneFam,Y,752,752,2,3,2007,166000
Duplex,Y,1949,0,2,6,2006,157000
OneFam,Y,825,0,1,2,2008,125000
OneFam,Y,813,712,2,3,2006,183500
OneFam,Y,1060,185,1,3,2010,100000
OneFam,Y,1179,0,1,2,2007,110000
OneFam,Y,964,0,1,3,2007,137500
OneFam,Y,840,880,2,3,2007,183500
OneFam,Y,1060,0,1,3,2010,154000
OneFam,N,864,0,1,2,2008,67000
OneFam,Y,686,564,1,3,2006,116000
OneFam,N,964,0,1,3,2006,83000
Duplex,Y,964,918,2,4,2009,160000
OneFam,Y,1092,0,1,3,2008,145000
OneFam,Y,1211,0,1,3,2008,134000
OneFam,Y,1053,0,1,3,2007,142100
OneFam,N,1032,0,1,2,2006,125000
OneFam,Y,1506,0,2,3,2007,249000
OneFam,Y,1012,0,1,2,2007,118400
Duplex,Y,1604,0,2,4,2010,135000
OneFam,Y,932,0,1,2,2007,124000
OneFam,Y,864,0,1,3,2009,62383
OneFam,Y,844,893,2,3,2008,175000
OneFam,Y,716,716,1,3,2007,157000
OneFam,Y,872,0,1,3,2007,123000
OneFam,Y,1564,0,2,2,2007,267300
OneFam,Y,952,0,1,3,2007,128500
OneFam,Y,941,896,2,3,2006,187000
OneFam,Y,1088,0,1,2,2007,110000
OneFam,Y,816,0,1,2,2007,124500
OneFam,Y,854,840,2,3,2006,200000
OneFam,Y,770,812,2,3,2008,185900
OneFam,Y,738,753,2,3,2007,168675
OneFam,Y,1330,0,2,3,2007,167840
OneFam,Y,1124,0,1,3,2006,93000
OneFam,Y,882,0,1,3,2007,106500
OneFam,Y,686,702,1,3,2006,157500
OneFam,Y,798,842,2,3,2008,173000
OneFam,Y,1689,0,2,3,2007,231713
OneFam,Y,864,486,1,2,2008,152400
OneFam,Y,832,505,1,3,2010,108000
Duplex,Y,1664,0,2,4,2006,145000
OneFam,Y,985,0,2,3,2008,149900
OneFam,Y,873,778,2,3,2008,185900
Duplex,Y,1712,0,2,4,2006,145000
OneFam,Y,847,1139,2,4,2008,213000
OneFam,Y,991,659,2,3,2007,144100
OneFam,Y,943,0,1,2,2007,134500
Duplex,Y,2020,0,2,4,2007,144000
OneFam,Y,882,0,1,2,2010,126000
OneFam,Y,888,676,2,3,2010,171000
OneFam,Y,1314,0,1,3,2010,145000
OneFam,Y,1484,0,2,3,2010,213000
OneFam,Y,958,670,2,3,2009,189000
OneFam,Y,841,0,1,2,2009,82000
OneFam,Y,810,855,2,3,2009,227000
OneFam,Y,1478,0,1,3,2009,156500
OneFam,Y,1090,917,2,3,2009,160000
OneFam,N,438,0,1,1,2009,60000
OneFam,Y,1537,0,1,3,2008,174000
OneFam,Y,1052,720,2,4,2008,179500
OneFam,Y,1390,304,2,4,2008,136500
OneFam,Y,925,0,1,3,2007,116900
OneFam,Y,913,0,1,3,2007,129000
OneFam,Y,1052,0,1,3,2006,138500
OneFam,Y,898,0,1,3,2006,140000
OneFam,Y,1364,0,1,3,2006,132000
OneFam,Y,784,827,2,3,2006,195800
OneFam,Y,1192,403,1,2,2006,140000
OneFam,Y,789,676,2,3,2010,180400
OneFam,Y,1120,0,1,3,2007,147000
OneFam,N,1088,441,2,4,2009,98000
OneFam,Y,961,406,1,4,2008,119000
OneFam,Y,1026,0,1,2,2007,143000
OneFam,Y,658,526,1,5,2006,81000
OneFam,Y,1220,1142,2,3,2007,312500
OneFam,Y,1068,0,1,3,2006,154500
OneFam,Y,990,0,1,3,2007,146000
OneFam,Y,1040,0,2,3,2009,124000
OneFam,Y,819,695,2,3,2009,190000
OneFam,Y,768,0,1,2,2009,133000
OneFam,Y,1056,0,1,3,2010,142000
OneFam,Y,894,0,1,3,2010,138500
OneFam,Y,827,850,2,3,2008,190500
OneFam,Y,856,854,2,3,2008,208500
OneFam,Y,1436,0,2,3,2008,210000
OneFam,Y,1349,0,2,3,2007,179000
OneFam,Y,1337,0,2,3,2007,185000
OneFam,Y,909,0,1,3,2006,116000
OneFam,Y,754,855,2,3,2008,182000
OneFam,Y,728,728,2,3,2006,163990
OneFam,Y,936,785,2,3,2007,201000
OneFam,Y,972,839,2,3,2009,235000
OneFam,N,1013,0,1,2,2009,85000
OneFam,Y,1212,0,1,3,2006,151000
Duplex,N,816,0,1,2,2010,110000
OneFam,Y,952,0,1,2,2008,135750
OneFam,Y,793,0,1,2,2009,113000
OneFam,Y,886,794,2,3,2008,163000
OneFam,Y,832,384,1,2,2008,118500
OneFam,Y,970,0,1,2,2007,132500
OneFam,Y,1500,0,2,3,2009,190000
OneFam,Y,864,0,1,3,2009,141000
OneFam,Y,616,796,2,3,2007,156932
OneFam,N,649,668,1,3,2008,40000
OneFam,Y,1422,0,2,3,2007,179600
OneFam,N,997,520,2,3,2007,115000
OneFam,Y,1235,0,1,2,2006,98600
OneFam,Y,1050,0,1,3,2009,143000
Duplex,Y,1556,0,2,4,2006,119000
Duplex,N,1800,0,2,6,2008,130000
OneFam,Y,1093,0,1,2,2008,115500
OneFam,Y,910,475,2,4,2010,166000
OneFam,Y,720,0,1,2,2010,105900
OneFam,Y,792,0,1,2,2009,99500
OneFam,Y,968,0,1,2,2007,100000
OneFam,N,1664,862,2,5,2007,136000
OneFam,N,576,360,1,2,2006,78000
OneFam,Y,912,0,1,3,2010,125000
OneFam,N,1024,940,1,4,2008,130000
OneFam,Y,1434,0,2,3,2009,189000
OneFam,Y,804,670,2,3,2009,168500
OneFam,Y,1297,0,1,3,2009,153000
OneFam,N,672,0,1,2,2006,72000
OneFam,Y,1125,0,1,2,2007,155000
OneFam,Y,925,0,1,3,2007,127000
Duplex,N,1040,0,2,2,2009,92900
Duplex,N,1040,0,2,2,2006,81400
Duplex,N,1040,0,2,2,2006,87500
Duplex,N,1040,0,2,2,2006,93500
OneFam,Y,1228,0,1,3,2008,149350
OneFam,Y,1121,0,2,2,2010,140000
OneFam,Y,960,356,1,4,2007,90000
OneFam,Y,816,0,1,2,2006,129800
OneFam,Y,1240,0,2,2,2007,194000
OneFam,Y,1526,0,1,4,2010,144500
OneFam,Y,1232,0,1,3,2009,147500
OneFam,Y,847,886,2,3,2010,185088
OneFam,Y,851,886,2,3,2006,203160
OneFam,Y,907,0,1,3,2008,109008
OneFam,Y,780,596,2,3,2006,119500
Duplex,Y,941,0,1,2,2009,145000
OneFam,Y,968,0,1,2,2007,104500
OneFam,Y,738,738,2,3,2009,173500
OneFam,Y,1072,0,1,2,2009,126500
OneFam,Y,1072,213,1,2,2008,127000
OneFam,Y,947,767,2,3,2007,180000
OneFam,Y,925,0,1,2,2006,133500
OneFam,Y,764,783,2,3,2010,215200
OneFam,Y,932,920,2,3,2009,252678
OneFam,Y,1314,0,2,3,2009,229456
OneFam,Y,1402,0,2,3,2009,229800
OneFam,Y,1372,0,2,3,2008,212700
OneFam,Y,1372,0,2,3,2008,250580
OneFam,Y,1338,0,2,3,2007,208900
OneFam,Y,896,896,2,3,2007,255000
OneFam,Y,1278,0,2,2,2006,198600
OneFam,Y,884,886,1,4,2006,155000
OneFam,Y,1008,881,2,3,2006,215000
OneFam,Y,1324,0,2,3,2006,160000
OneFam,N,928,928,2,5,2009,123000
OneFam,Y,1025,0,2,3,2007,153500
OneFam,Y,897,0,1,3,2007,115000
Duplex,Y,1560,0,2,4,2007,126000
OneFam,Y,910,525,1,3,2007,128250
OneFam,Y,894,0,1,3,2007,117600
OneFam,Y,1425,0,2,3,2006,193000
OneFam,Y,1616,0,2,3,2006,232000
OneFam,Y,1418,0,2,3,2008,226001
OneFam,Y,1128,0,2,3,2008,155000
OneFam,Y,888,0,1,3,2007,120000
OneFam,Y,926,678,2,3,2008,187500
OneFam,N,1093,576,1,4,2006,107000
OneFam,Y,859,319,1,2,2010,102776
OneFam,N,1044,0,1,2,2010,55993
OneFam,Y,952,0,1,3,2010,50138
OneFam,Y,1306,0,1,2,2009,153000
OneFam,Y,1082,0,1,3,2007,162500
OneFam,Y,894,0,1,3,2007,129000
OneFam,Y,872,1037,2,4,2006,197000
OneFam,Y,698,698,1,3,2007,153575
OneFam,Y,1167,0,1,3,2007,144000
OneFam,Y,1553,0,2,3,2009,234500
OneFam,Y,915,720,1,3,2007,210000
OneFam,Y,1005,1286,2,4,2006,230000
OneFam,Y,860,0,1,2,2009,137000
OneFam,Y,864,1131,2,4,2007,219500
Duplex,N,1195,0,2,4,2007,98500
OneFam,Y,798,689,1,3,2010,113000
OneFam,Y,840,885,2,3,2009,198500
OneFam,Y,1459,0,2,3,2007,192000
OneFam,Y,992,940,2,3,2007,213000
OneFam,Y,804,878,2,3,2010,200500
OneFam,Y,1002,0,1,3,2009,148500
OneFam,Y,1202,0,1,3,2009,120000
OneFam,Y,1382,0,1,3,2009,153000
OneFam,Y,928,844,2,3,2009,200000
OneFam,Y,1417,0,2,3,2009,210000
OneFam,Y,909,807,2,2,2009,191000
OneFam,Y,933,975,2,4,2008,210000
OneFam,Y,918,0,1,3,2007,148000
OneFam,Y,1022,1038,2,3,2009,214000
OneFam,Y,1194,0,1,3,2010,148000
OneFam,Y,1144,0,1,3,2009,150000
OneFam,Y,936,0,1,2,2007,141000
OneFam,Y,1500,0,2,3,2007,212999
OneFam,Y,1391,571,2,3,2006,239799
OneFam,N,951,0,1,2,2006,106500
OneFam,Y,1310,0,2,3,2006,164990
OneFam,Y,1190,0,2,2,2007,173500
OneFam,Y,1336,0,2,3,2006,198000
OneFam,Y,1414,0,2,3,2010,185500
OneFam,Y,916,684,2,3,2007,169000
OneFam,Y,990,0,1,3,2007,126000
Duplex,Y,1272,928,2,4,2008,145900
OneFam,N,640,0,1,2,2010,84900
OneFam,Y,1126,0,2,2,2009,108000
OneFam,Y,796,0,1,2,2008,85000
OneFam,Y,760,676,2,3,2006,98000
OneFam,Y,1302,528,2,3,2007,221300
OneFam,Y,833,0,1,3,2009,112000
OneFam,Y,941,0,1,3,2006,129200
OneFam,Y,864,864,2,3,2008,207500
OneFam,Y,980,1276,2,4,2009,236000
OneFam,Y,1054,0,1,3,2010,137500
OneFam,Y,792,348,1,3,2010,96500
OneFam,Y,1040,0,2,3,2009,150500
OneFam,Y,1200,0,2,3,2007,163500
OneFam,Y,845,1309,2,5,2007,224500
OneFam,Y,1251,0,1,3,2006,160000
OneFam,Y,707,809,2,3,2009,181316
OneFam,Y,1390,0,2,3,2006,207000
OneFam,Y,1604,0,2,3,2009,220000
OneFam,Y,732,732,1,4,2008,141000
OneFam,Y,1274,0,2,3,2007,203000
OneFam,Y,1052,0,1,3,2010,155000
OneFam,Y,1121,0,1,3,2009,139000
OneFam,Y,1188,561,1,2,2009,124900
OneFam,Y,985,857,2,3,2007,217500
OneFam,Y,1462,762,2,4,2009,350000
OneFam,Y,1764,0,2,4,2008,100000
OneFam,Y,992,0,1,3,2010,155891
OneFam,Y,914,0,1,2,2006,148000
OneFam,Y,750,750,2,3,2006,173900
OneFam,Y,1538,0,2,3,2007,260000
OneFam,Y,752,624,1,3,2007,165000
OneFam,Y,815,875,1,3,2006,144000
OneFam,N,952,0,1,2,2009,121000
OneFam,Y,1176,0,1,3,2008,136500
OneFam,Y,738,757,2,3,2007,171925
OneFam,Y,912,0,1,2,2008,147000
OneFam,Y,754,630,2,3,2007,161500
OneFam,Y,816,0,1,2,2009,100000
OneFam,Y,1220,0,1,2,2006,102000
OneFam,Y,1222,888,2,3,2010,205000
OneFam,Y,946,927,2,3,2007,207000
OneFam,Y,902,0,1,2,2006,131000
OneFam,Y,910,0,1,3,2008,116000
OneFam,Y,1065,0,1,3,2007,126500
OneFam,Y,948,1140,2,4,2008,250000
OneFam,Y,1340,0,2,3,2007,181134
OneFam,Y,1056,0,1,2,2006,107000
OneFam,Y,1194,0,1,3,2006,159500
Duplex,Y,1584,0,2,4,2006,119000
OneFam,Y,745,745,2,3,2009,167800
OneFam,Y,751,631,2,3,2009,177500
OneFam,Y,1008,0,1,2,2007,134500
OneFam,Y,880,844,2,3,2008,188000
OneFam,Y,1466,0,2,3,2009,201000
OneFam,Y,960,0,1,3,2009,112000
Duplex,Y,1286,368,2,4,2006,119500
Duplex,Y,1318,584,2,4,2010,112000
OneFam,Y,831,829,2,3,2009,195000
Duplex,Y,1344,0,2,2,2008,209200
Duplex,Y,1584,0,2,4,2009,124000
OneFam,Y,1028,0,1,2,2010,115000
OneFam,Y,1175,1540,3,4,2008,299800
OneFam,Y,806,683,2,3,2009,192000
OneFam,Y,1077,0,1,2,2007,67000
OneFam,Y,672,644,1,2,2008,145000
OneFam,Y,825,1315,2,4,2009,177500
OneFam,Y,1053,0,1,3,2006,150000
OneFam,Y,948,0,1,3,2007,108000
OneFam,Y,1040,0,1,3,2007,134900
OneFam,Y,1595,0,2,2,2010,221500
OneFam,Y,1498,0,2,2,2006,204900
OneFam,Y,1324,0,2,3,2007,174000
OneFam,Y,1302,0,2,3,2007,176485
OneFam,Y,782,870,2,3,2008,207500
Duplex,Y,896,896,2,4,2009,136000
Duplex,Y,896,896,2,4,2008,133000
OneFam,Y,1566,0,2,3,2010,262500
OneFam,Y,1157,1111,3,3,2010,240000
OneFam,Y,864,0,1,3,2009,130000
OneFam,Y,786,804,2,3,2009,210000
OneFam,N,784,0,1,2,2009,76000
OneFam,Y,1216,0,1,3,2009,113000
OneFam,Y,1142,0,1,2,2009,113500
OneFam,Y,832,650,1,3,2009,143000
OneFam,N,660,0,1,2,2009,63900
OneFam,Y,1196,0,1,2,2008,139000
OneFam,Y,904,595,1,3,2008,140000
OneFam,Y,1006,0,1,3,2008,80000
OneFam,Y,1151,804,2,4,2008,165500
OneFam,Y,432,432,1,3,2008,65000
OneFam,Y,864,0,1,3,2007,120500
OneFam,Y,1335,0,2,3,2007,210400
OneFam,Y,1088,871,2,3,2007,270000
OneFam,Y,1184,1426,2,4,2007,303477
OneFam,Y,680,494,1,2,2007,135000
OneFam,Y,780,595,1,3,2007,141000
OneFam,N,998,0,1,3,2007,89500
OneFam,Y,1128,0,1,2,2006,118000
OneFam,Y,1089,661,1,3,2006,124000
OneFam,N,819,0,1,2,2006,72000
OneFam,Y,1059,0,1,3,2006,142500
OneFam,N,480,0,0,1,2006,35311
OneFam,Y,1431,0,2,3,2009,192000
OneFam,Y,728,728,2,3,2007,179540
OneFam,Y,636,684,2,3,2006,150000
OneFam,Y,1165,0,1,3,2008,174900
OneFam,Y,1350,0,1,3,2008,168500
OneFam,Y,792,0,1,2,2009,109500
OneFam,Y,813,702,2,3,2008,179000
OneFam,Y,1484,0,2,2,2007,265900
OneFam,Y,1188,1152,2,4,2010,266500
OneFam,Y,943,695,2,3,2008,192000
OneFam,Y,1335,1203,2,4,2007,330000
OneFam,Y,768,768,2,3,2007,167000
OneFam,Y,707,707,2,3,2006,178000
OneFam,Y,698,560,1,2,2009,105000
OneFam,Y,1340,0,1,3,2007,120000
OneFam,Y,942,886,2,3,2007,150909
OneFam,Y,967,671,2,4,2006,139000
OneFam,Y,1004,848,2,3,2008,230000
Duplex,Y,1440,0,2,2,2006,224500
OneFam,Y,996,0,1,2,2010,147000
OneFam,Y,738,754,2,3,2006,185101
OneFam,Y,864,0,1,2,2009,122000
OneFam,Y,755,755,1,4,2009,108000
OneFam,N,616,495,1,3,2008,95000
OneFam,Y,955,677,2,3,2006,176500
OneFam,Y,1094,967,2,3,2009,260000
OneFam,Y,605,0,1,2,2007,86000
Duplex,Y,1728,0,2,6,2006,125000
OneFam,Y,925,0,1,2,2009,117500
OneFam,Y,864,0,1,2,2009,127500
OneFam,Y,1212,0,2,3,2009,178000
OneFam,Y,1112,0,1,2,2009,144800
OneFam,Y,984,0,1,3,2008,128000
OneFam,Y,779,0,1,2,2008,79500
OneFam,Y,1144,0,1,3,2007,120000
OneFam,Y,988,0,1,3,2006,129500
OneFam,Y,864,0,1,3,2006,129900
OneFam,Y,1525,0,2,3,2006,235000
OneFam,Y,1836,0,2,3,2006,216837
OneFam,Y,1110,0,1,1,2009,165500
OneFam,Y,754,786,2,3,2009,184000
OneFam,Y,1491,0,2,3,2006,209000
OneFam,Y,943,933,2,4,2008,185000
OneFam,Y,1261,0,1,3,2008,163000
OneFam,Y,1133,687,2,4,2008,184000
OneFam,Y,812,670,2,3,2007,163900
OneFam,Y,1008,0,1,1,2007,153500
OneFam,Y,800,832,1,4,2008,173000
OneFam,Y,1536,0,2,3,2008,214000
OneFam,Y,1700,0,2,3,2006,200000
OneFam,Y,1432,0,2,3,2009,245000
OneFam,Y,727,380,1,2,2010,110000
OneFam,Y,709,308,1,2,2008,114000
OneFam,Y,1170,546,2,4,2008,162500
OneFam,Y,988,517,1,3,2008,145000
OneFam,Y,1431,0,1,3,2008,165000
OneFam,Y,1489,0,2,3,2009,185750
OneFam,Y,1072,942,2,3,2009,170000
OneFam,Y,1496,0,2,3,2007,225000
OneFam,Y,1214,0,1,2,2007,140000
OneFam,Y,848,750,2,3,2006,201490
OneFam,Y,1468,0,2,3,2009,239900
OneFam,Y,1651,0,2,3,2007,250000
OneFam,Y,882,908,2,3,2008,193000
OneFam,Y,884,0,1,2,2007,144000
OneFam,Y,948,375,1,3,2008,122600
OneFam,Y,1766,0,2,2,2009,370878
OneFam,Y,1080,0,1,3,2007,134000
OneFam,Y,1560,0,2,3,2010,201000
OneFam,Y,1470,1160,2,4,2008,315000
OneFam,Y,1136,0,1,3,2008,140000
OneFam,Y,938,0,1,3,2008,130250
OneFam,Y,1042,0,2,3,2007,161000
OneFam,Y,1144,0,1,3,2008,124000
OneFam,Y,1364,1319,2,4,2008,290000
OneFam,Y,977,755,2,3,2010,178000
OneFam,Y,1218,0,2,2,2010,204500
OneFam,Y,1076,0,1,3,2008,143195
OneFam,Y,1200,0,1,1,2006,146000
OneFam,Y,1540,1315,2,4,2006,405000
OneFam,Y,1494,0,2,3,2006,217000
OneFam,Y,960,0,1,3,2008,144900
OneFam,Y,988,0,2,3,2009,149500
OneFam,Y,1055,1208,2,3,2008,287000
OneFam,Y,1211,0,1,2,2006,144000
OneFam,Y,990,0,1,3,2008,145000
OneFam,Y,939,858,2,3,2007,213500
Duplex,Y,1656,0,2,4,2008,135000
OneFam,Y,858,858,1,4,2008,171000
OneFam,Y,1167,0,2,3,2009,173000
OneFam,Y,1056,0,1,3,2007,139400
OneFam,Y,1721,0,2,3,2007,232698
OneFam,N,756,0,1,2,2010,85000
OneFam,Y,1162,0,2,3,2008,170000
OneFam,Y,932,442,1,3,2008,110000
OneFam,Y,1578,0,2,3,2009,287090
OneFam,Y,856,893,2,3,2006,196000
OneFam,Y,1092,0,1,2,2008,146000
OneFam,Y,1342,0,1,4,2007,125000
OneFam,Y,1268,0,1,3,2009,143500
OneFam,Y,832,878,2,3,2008,187000
Duplex,Y,1728,0,2,4,2006,188000
OneFam,Y,1264,0,1,3,2010,167500
OneFam,Y,888,868,2,3,2007,204000
OneFam,Y,984,0,1,3,2006,126000
OneFam,Y,864,864,2,3,2009,190000
OneFam,Y,1020,0,2,3,2009,124100
OneFam,Y,879,916,2,3,2007,191000
OneFam,Y,1614,0,2,3,2006,225000
OneFam,Y,784,812,2,3,2006,181000
OneFam,Y,1006,769,2,3,2009,213000
OneFam,Y,1029,929,2,3,2007,220000
OneFam,Y,1314,0,2,3,2007,176432
OneFam,Y,1225,0,1,3,2010,128950
OneFam,Y,892,800,2,3,2010,191000
OneFam,Y,905,881,2,3,2007,204750
OneFam,Y,672,0,1,2,2009,113000
OneFam,Y,1615,0,2,3,2008,248500
Duplex,N,864,0,1,2,2008,99600
OneFam,Y,1169,0,1,3,2010,127000
OneFam,Y,1313,0,1,3,2009,153000
OneFam,Y,892,747,1,3,2009,154400
OneFam,Y,1265,0,2,3,2008,179900
OneFam,Y,1302,0,2,3,2007,158000
OneFam,Y,720,720,1,4,2006,157500
OneFam,Y,864,0,1,3,2006,116050
OneFam,Y,1381,0,1,3,2010,197500
OneFam,Y,1287,0,1,2,2009,173000
OneFam,Y,621,648,1,3,2008,134500
OneFam,Y,976,0,1,2,2006,157500
OneFam,Y,663,689,1,4,2010,158000
OneFam,Y,844,887,2,3,2006,248500
OneFam,Y,1621,0,2,3,2009,213000
OneFam,Y,1152,0,1,3,2008,137500
OneFam,Y,1044,1054,2,4,2010,240000
OneFam,Y,912,1182,2,4,2009,263000
OneFam,Y,1057,977,2,3,2009,219500
OneFam,Y,1053,939,2,3,2008,250000
OneFam,Y,1284,885,2,3,2007,228500
OneFam,Y,1350,0,1,3,2006,146000
OneFam,Y,1479,0,2,3,2008,191000
OneFam,N,797,0,1,2,2009,44000
OneFam,Y,818,818,1,4,2006,167000
Duplex,Y,912,912,2,4,2010,139000
Duplex,Y,980,0,2,4,2006,127500
OneFam,Y,698,0,1,2,2009,118000
OneFam,Y,1726,0,2,3,2007,311872
OneFam,Y,955,919,2,3,2008,297900
OneFam,Y,1268,1097,2,3,2009,337000
OneFam,Y,744,630,2,3,2009,170000
OneFam,Y,912,336,1,2,2007,87000
OneFam,Y,1362,0,1,3,2009,140000
OneFam,Y,894,0,1,3,2007,110000
OneFam,Y,1407,985,2,3,2006,348000
OneFam,Y,1014,730,2,3,2010,194500
OneFam,Y,1422,0,1,3,2007,155000
OneFam,Y,1024,704,1,3,2006,137000
OneFam,Y,1080,0,1,3,2008,136000
OneFam,Y,840,915,2,3,2006,214000
OneFam,Y,1128,903,2,3,2008,237000
OneFam,Y,892,0,1,3,2008,110000
OneFam,Y,888,756,1,3,2007,146500
Duplex,Y,1866,0,2,4,2009,135000
OneFam,Y,940,750,2,3,2007,187000
OneFam,N,1054,0,1,3,2008,124000
OneFam,Y,958,620,1,3,2006,133000
OneFam,Y,968,408,1,3,2007,105000
OneFam,Y,1394,0,1,3,2009,159000
OneFam,Y,1127,850,1,4,2007,165000
OneFam,Y,1344,0,1,2,2007,144000
OneFam,Y,884,1151,2,3,2010,222500
OneFam,Y,1207,0,1,3,2006,147000
OneFam,Y,960,1358,2,3,2006,294323
OneFam,Y,930,0,1,2,2008,99000
OneFam,Y,1646,0,2,3,2008,293077
OneFam,Y,1172,0,1,3,2010,128000
OneFam,Y,1099,0,1,3,2008,144000
OneFam,Y,1216,639,2,4,2006,136900
OneFam,Y,1068,541,1,5,2006,149900
OneFam,Y,882,914,2,3,2007,211000
OneFam,Y,1647,0,1,3,2007,153000
OneFam,Y,1210,0,1,2,2009,102900
OneFam,Y,926,678,2,3,2008,195500
OneFam,Y,1458,0,1,3,2006,165000
OneFam,Y,1502,0,2,3,2009,233170
OneFam,Y,845,845,2,3,2007,190550
OneFam,Y,1205,1029,2,3,2006,300000
OneFam,Y,1594,0,2,2,2007,188500
OneFam,Y,941,888,2,3,2010,237000
OneFam,Y,961,756,1,3,2006,140000
OneFam,Y,1065,846,2,3,2006,215000
Duplex,Y,1100,1133,2,5,2007,141000
OneFam,Y,1187,0,2,3,2007,160000
OneFam,Y,864,0,1,3,2006,128500
OneFam,Y,1144,0,1,3,2010,129000
OneFam,Y,1073,0,1,2,2009,121500
OneFam,Y,1276,0,1,3,2009,60000
OneFam,Y,1509,0,1,3,2008,159900
OneFam,Y,1453,1357,2,4,2007,302000
OneFam,Y,885,297,1,3,2006,120000
OneFam,Y,1166,0,2,2,2008,190000
OneFam,Y,1482,1092,2,3,2007,276000
OneFam,Y,1146,0,2,3,2007,187500
OneFam,Y,1713,0,2,3,2009,274900
OneFam,Y,1143,1330,2,4,2007,317000
OneFam,Y,930,715,1,4,2010,171000
OneFam,Y,1232,0,1,3,2010,142250
OneFam,Y,1520,0,1,3,2010,153000
OneFam,N,930,636,2,3,2010,150000
OneFam,Y,1067,0,2,2,2010,128000
OneFam,Y,2524,0,2,4,2009,278000
OneFam,Y,1487,1012,2,4,2009,180500
OneFam,Y,1336,0,2,3,2009,163000
OneFam,Y,1568,0,1,3,2009,143000
OneFam,Y,1165,896,2,4,2009,168500
OneFam,Y,1041,0,1,3,2009,124500
OneFam,Y,1644,0,1,3,2009,167000
OneFam,Y,1050,0,1,2,2009,128900
OneFam,Y,1112,556,1,3,2009,140000
OneFam,Y,1113,0,1,3,2009,147000
OneFam,Y,1632,0,2,3,2009,139000
OneFam,Y,1200,0,1,3,2009,129900
OneFam,Y,833,677,2,3,2009,87500
OneFam,Y,976,332,1,2,2009,160000
OneFam,Y,1496,0,2,3,2008,141500
OneFam,Y,1032,220,1,3,2008,119000
OneFam,Y,1337,0,1,3,2008,141500
OneFam,Y,1661,0,1,3,2008,165500
OneFam,N,1134,924,1,3,2008,129500
OneFam,Y,689,689,2,3,2008,161000
OneFam,N,572,524,1,2,2008,79000
OneFam,Y,1094,761,2,3,2007,187000
OneFam,Y,1262,0,2,3,2007,181500
OneFam,Y,1242,0,1,3,2007,175500
OneFam,Y,1150,0,1,2,2007,144000
OneFam,Y,1254,0,1,3,2007,158500
OneFam,Y,893,0,1,2,2007,135000
OneFam,Y,768,664,2,2,2007,132000
OneFam,Y,842,630,1,3,2007,125000
OneFam,Y,1164,0,1,3,2006,140000
OneFam,Y,1051,0,1,3,2006,142000
OneFam,Y,1141,0,1,3,2006,158000
OneFam,Y,1433,0,1,3,2006,161000
OneFam,Y,1216,0,1,3,2006,135000
OneFam,Y,1226,442,1,3,2006,135000
OneFam,Y,940,476,1,3,2006,156500
OneFam,Y,832,809,1,3,2006,178000
OneFam,N,1095,679,2,4,2006,87000
OneFam,Y,1218,0,1,3,2009,159000
OneFam,Y,982,995,2,3,2007,250000
OneFam,Y,1336,0,1,3,2006,162000
OneFam,Y,1468,0,2,3,2009,244600
OneFam,Y,1285,0,2,3,2010,190000
OneFam,Y,1361,0,2,3,2008,193000
OneFam,Y,996,1004,2,3,2006,188000
OneFam,Y,808,785,2,3,2009,178000
OneFam,Y,1699,748,2,4,2010,169000
OneFam,Y,1117,0,1,3,2008,147000
OneFam,Y,1156,642,2,4,2007,137000
OneFam,Y,961,683,2,3,2007,185000
OneFam,Y,1334,0,2,2,2009,167900
OneFam,Y,819,784,1,4,2008,138000
OneFam,N,832,0,1,2,2010,12789
OneFam,Y,1606,0,2,3,2009,255900
OneFam,Y,1182,1017,2,3,2008,284500
OneFam,Y,1079,897,2,3,2006,286000
Duplex,Y,1967,0,2,6,2006,156500
OneFam,Y,983,890,1,4,2008,257076
Duplex,Y,1248,1296,2,6,2009,190000
OneFam,Y,1097,0,2,3,2010,152000
OneFam,Y,1113,858,2,3,2009,253000
OneFam,Y,879,0,1,3,2007,120000
OneFam,Y,1510,0,2,3,2010,178900
OneFam,Y,958,1142,2,3,2007,319500
OneFam,Y,1078,0,1,2,2010,142125
OneFam,Y,780,741,1,4,2009,146500
OneFam,Y,1366,581,2,3,2008,274000
OneFam,Y,1009,0,2,3,2007,160000
OneFam,Y,1008,0,1,2,2006,135000
OneFam,Y,1929,532,2,3,2010,197600
OneFam,Y,1043,0,1,2,2006,137000
OneFam,Y,698,1048,2,3,2007,198444
OneFam,Y,744,630,2,3,2009,167000
OneFam,Y,754,640,2,3,2008,167500
OneFam,Y,1721,0,1,4,2007,174850
OneFam,Y,949,272,1,4,2006,104900
OneFam,Y,1795,0,2,3,2008,230000
OneFam,Y,720,588,1,3,2008,146900
Duplex,Y,1625,0,2,4,2008,140500
OneFam,Y,980,0,1,3,2009,110000
OneFam,Y,1630,0,2,3,2009,213000
OneFam,Y,926,0,1,2,2009,156450
OneFam,Y,1054,0,1,3,2008,151000
OneFam,Y,984,0,1,2,2008,110000
OneFam,Y,990,0,1,3,2008,155000
OneFam,Y,1445,0,2,3,2008,186500
OneFam,Y,1442,0,1,4,2007,157900
OneFam,Y,980,0,2,3,2006,135500
OneFam,Y,960,0,1,3,2006,125000
OneFam,Y,1108,989,2,3,2006,274300
OneFam,Y,990,0,1,3,2009,143000
OneFam,Y,950,0,1,3,2007,119500
OneFam,Y,1051,0,1,3,2006,124400
OneFam,Y,1395,0,1,2,2010,192000
OneFam,Y,798,813,1,4,2008,167900
OneFam,Y,1020,831,2,3,2007,187000
OneFam,Y,894,0,1,3,2008,130000
OneFam,Y,680,790,2,3,2009,185000
OneFam,Y,960,0,1,2,2009,122000
OneFam,Y,922,0,1,2,2007,116000
OneFam,Y,1093,1721,2,4,2008,260000
OneFam,N,687,425,2,4,2009,63000
OneFam,Y,976,976,1,4,2007,212300
OneFam,Y,821,955,2,3,2006,202000
OneFam,Y,1085,649,1,3,2006,159000
OneFam,N,1077,0,1,3,2006,91000
OneFam,Y,1328,0,1,3,2010,143000
OneFam,Y,1342,0,2,3,2009,161500
OneFam,N,1012,0,1,2,2010,67500
OneFam,Y,894,0,1,3,2006,149900
OneFam,Y,1341,520,3,3,2008,257000
OneFam,Y,744,700,2,3,2010,174000
OneFam,Y,712,730,2,3,2008,172500
OneFam,Y,1214,0,2,2,2010,179781
OneFam,Y,866,902,2,3,2008,226700
OneFam,Y,1573,0,2,3,2009,227000
OneFam,Y,900,0,1,3,2010,122000
OneFam,Y,1567,0,2,2,2009,196000
Duplex,N,1664,0,2,4,2010,100000
OneFam,Y,1092,0,1,3,2008,123000
OneFam,Y,936,0,1,2,2007,118500
OneFam,Y,1142,878,2,3,2009,239500
OneFam,Y,1287,0,1,3,2010,162000
OneFam,N,1133,0,1,3,2008,143000
OneFam,Y,894,772,1,3,2010,100000
OneFam,Y,1375,862,2,3,2009,204000
OneFam,Y,1440,0,2,2,2008,185000
Duplex,Y,1224,0,2,2,2007,101800
OneFam,Y,990,1611,3,4,2008,189000
OneFam,Y,1689,0,2,3,2007,248328
OneFam,Y,1689,0,1,3,2009,127500
OneFam,Y,1007,1007,2,5,2006,169000
OneFam,Y,874,0,1,3,2009,130000
OneFam,Y,914,728,1,4,2007,145000
OneFam,Y,1118,0,1,3,2008,171000
OneFam,Y,936,0,1,2,2006,121000
OneFam,Y,1803,0,2,3,2010,285000
OneFam,Y,1209,0,1,3,2010,159000
OneFam,Y,1372,1274,2,4,2009,260000
OneFam,Y,1691,0,1,2,2009,175000
OneFam,Y,764,700,2,3,2009,129000
OneFam,Y,944,545,2,3,2009,139500
OneFam,Y,1098,880,2,4,2008,176000
OneFam,Y,1114,0,1,3,2008,140000
OneFam,Y,1178,1032,2,5,2007,117500
OneFam,N,810,518,1,3,2006,107000
OneFam,Y,1369,0,2,3,2007,213133
OneFam,Y,1063,0,1,3,2010,128000
OneFam,Y,1127,886,2,3,2007,269790
OneFam,Y,971,0,1,3,2006,128500
OneFam,Y,1614,0,2,3,2007,245700
OneFam,Y,1083,0,1,2,2006,172000
OneFam,Y,1272,672,2,3,2009,179900
OneFam,Y,1478,0,2,3,2007,210000
OneFam,Y,878,884,2,3,2006,222000
OneFam,Y,1486,0,1,3,2009,167000
OneFam,Y,1256,0,1,3,2008,147500
OneFam,Y,1062,887,2,3,2010,236000
OneFam,Y,1626,0,2,3,2008,226500
OneFam,Y,1625,466,2,3,2006,338500
OneFam,Y,988,0,1,3,2007,128500
OneFam,Y,1217,0,2,3,2009,173000
OneFam,Y,1214,1306,2,4,2007,290000
OneFam,Y,1528,0,3,3,2007,235876
OneFam,Y,1282,1414,2,4,2007,383970
OneFam,Y,1466,1362,3,4,2007,424870
OneFam,Y,774,656,2,3,2007,170000
OneFam,Y,926,678,2,3,2010,195500
OneFam,Y,1073,0,1,3,2008,120000
OneFam,Y,1795,0,2,2,2007,147000
OneFam,Y,1689,0,2,3,2008,228500
OneFam,Y,1620,0,2,3,2009,150000
OneFam,Y,763,892,2,3,2010,175900
OneFam,Y,1116,0,1,3,2010,160000
OneFam,Y,1144,0,1,3,2009,131400
OneFam,Y,1178,0,1,3,2008,157000
OneFam,Y,1588,0,2,3,2007,227000
OneFam,Y,1220,870,2,3,2007,240000
OneFam,Y,1392,0,2,3,2007,215000
OneFam,Y,1103,0,2,3,2006,155000
OneFam,Y,1370,0,1,3,2006,148000
OneFam,Y,1516,0,1,3,2009,167000
OneFam,Y,1156,866,2,4,2008,192000
OneFam,Y,1053,0,1,3,2008,145500
OneFam,Y,1108,1089,2,4,2008,287500
OneFam,Y,1389,0,1,2,2006,170000
OneFam,Y,1236,0,1,2,2006,134450
OneFam,Y,1181,0,2,3,2008,137500
OneFam,Y,1358,1368,2,4,2006,350000
OneFam,N,904,0,0,1,2009,61000
OneFam,Y,646,662,2,3,2007,175000
OneFam,Y,1164,896,2,4,2007,211000
OneFam,Y,1580,0,1,3,2010,159500
OneFam,Y,1460,0,2,3,2008,247000
OneFam,Y,927,988,2,3,2006,220000
OneFam,Y,740,125,1,2,2007,108500
OneFam,Y,1196,0,1,3,2010,144000
OneFam,Y,1280,0,2,3,2007,175000
OneFam,Y,1216,0,1,3,2007,129500
OneFam,Y,1200,0,2,2,2009,184900
OneFam,Y,1694,0,2,3,2007,307000
OneFam,Y,1552,0,2,3,2006,212900
OneFam,Y,1035,616,2,4,2007,172000
OneFam,Y,835,861,2,3,2008,188000
OneFam,Y,1430,0,2,3,2010,173500
OneFam,Y,1203,1323,2,4,2006,290000
OneFam,N,869,0,1,1,2008,89900
Duplex,Y,1302,432,2,4,2009,126000
OneFam,Y,846,748,2,3,2009,195500
OneFam,Y,1040,1012,2,3,2009,251000
OneFam,Y,1279,0,2,3,2008,171500
Duplex,Y,1838,0,2,2,2008,185000
OneFam,Y,1702,0,2,3,2009,275500
OneFam,N,801,646,1,3,2009,103000
OneFam,Y,735,299,1,2,2007,109000
OneFam,Y,1116,0,2,3,2009,167900
OneFam,Y,1350,0,2,3,2009,165000
OneFam,Y,1680,0,2,3,2009,213250
OneFam,Y,1074,0,1,3,2006,153500
OneFam,Y,832,832,2,4,2006,162900
OneFam,Y,1309,0,1,3,2006,181000
OneFam,Y,1334,0,2,3,2006,164500
OneFam,Y,885,833,2,3,2009,185000
OneFam,Y,1512,0,2,3,2009,203000
OneFam,Y,956,1128,2,4,2010,233000
OneFam,Y,1380,0,1,3,2009,154000
OneFam,Y,924,770,2,3,2007,160000
OneFam,Y,912,0,1,2,2007,114500
OneFam,Y,1048,0,1,3,2007,135000
OneFam,Y,1124,0,1,3,2006,153000
OneFam,Y,1940,0,2,3,2010,395192
OneFam,Y,992,473,2,3,2006,131000
OneFam,Y,1575,0,1,2,2006,155000
OneFam,Y,1535,0,2,3,2010,214000
OneFam,Y,874,0,1,3,2006,126500
OneFam,Y,1425,0,2,3,2008,180500
OneFam,Y,1341,0,1,2,2010,171500
OneFam,Y,945,663,2,3,2009,189500
OneFam,Y,1044,0,1,3,2008,139000
OneFam,Y,1660,0,2,3,2006,290000
OneFam,Y,1146,0,1,3,2006,165000
OneFam,Y,1061,862,2,3,2010,190000
OneFam,Y,1222,698,3,4,2006,170000
OneFam,Y,1362,0,1,3,2008,163000
OneFam,Y,1086,0,1,3,2010,144900
OneFam,Y,1434,0,2,4,2009,157000
OneFam,Y,1602,0,2,3,2009,293200
OneFam,N,572,0,1,2,2009,75000
OneFam,Y,672,0,1,2,2008,108000
OneFam,Y,904,0,1,3,2008,144000
OneFam,Y,1509,0,2,3,2008,175000
OneFam,Y,999,0,1,3,2006,134500
OneFam,Y,1658,0,2,3,2009,257500
OneFam,N,944,0,1,2,2009,82000
OneFam,Y,1563,0,2,3,2008,245000
OneFam,Y,874,887,3,3,2007,227875
OneFam,Y,1277,1067,2,3,2009,265000
OneFam,Y,948,0,1,3,2007,111000
OneFam,Y,1630,0,2,3,2009,295493
OneFam,Y,1078,0,1,3,2009,125000
OneFam,Y,1651,0,2,3,2007,246500
OneFam,Y,1305,1189,2,4,2006,321000
OneFam,Y,768,768,2,3,2007,176000
OneFam,Y,783,701,2,3,2007,178900
OneFam,Y,1316,0,2,3,2006,169990
OneFam,Y,728,728,2,3,2006,170440
OneFam,Y,738,754,2,3,2006,169985
OneFam,Y,1686,0,2,3,2006,207500
OneFam,Y,1038,1060,2,3,2006,275500
OneFam,Y,960,0,0,0,2006,145000
Duplex,Y,936,936,2,4,2008,100000
OneFam,Y,962,830,2,3,2008,186500
OneFam,Y,1588,0,2,3,2006,214000
OneFam,Y,992,0,1,3,2008,145000
OneFam,Y,768,768,1,4,2008,136000
OneFam,Y,838,0,1,2,2008,130000
OneFam,Y,698,702,2,3,2009,162000
OneFam,Y,845,436,2,1,2007,128500
OneFam,Y,1073,0,1,3,2007,156000
OneFam,Y,936,0,1,2,2008,111900
OneFam,Y,902,808,2,3,2010,140000
OneFam,Y,1088,780,2,4,2009,197500
Duplex,N,972,972,2,4,2009,103500
OneFam,Y,992,873,2,3,2008,235000
OneFam,Y,880,428,2,2,2008,120000
OneFam,Y,759,0,1,1,2008,85000
OneFam,Y,756,713,1,3,2008,135000
OneFam,Y,1138,1042,1,3,2007,161000
OneFam,Y,866,504,2,3,2007,50000
OneFam,Y,834,596,2,3,2006,107000
OneFam,Y,1254,0,2,2,2009,221800
OneFam,Y,1240,0,2,3,2007,174000
OneFam,Y,1501,0,2,3,2009,204000
OneFam,Y,1721,0,2,3,2006,180000
OneFam,N,909,863,2,3,2007,184900
OneFam,Y,1214,0,2,3,2007,143000
OneFam,Y,969,0,1,3,2007,122000
OneFam,Y,1442,0,2,3,2007,179900
OneFam,Y,806,766,2,3,2007,168000
OneFam,Y,934,0,1,2,2006,132000
OneFam,Y,1743,0,2,3,2009,335000
OneFam,Y,1488,0,1,3,2006,167000
OneFam,Y,1553,1177,2,4,2007,301000
OneFam,Y,1107,983,2,3,2009,200000
OneFam,Y,1282,0,2,3,2006,174000
OneFam,Y,2000,0,2,3,2007,305900
OneFam,Y,1978,0,2,3,2010,318000
OneFam,Y,1032,0,2,3,2007,148000
OneFam,Y,1370,0,2,3,2009,152000
OneFam,Y,1271,1369,2,5,2009,256900
OneFam,Y,1200,0,1,3,2009,144000
OneFam,Y,866,913,2,3,2009,197900
OneFam,Y,1277,767,2,3,2008,185000
OneFam,Y,1444,0,2,2,2008,159900
OneFam,Y,1682,0,2,3,2008,174000
OneFam,Y,1290,871,2,3,2008,230500
OneFam,Y,1353,0,2,2,2007,192350
OneFam,Y,1872,0,2,3,2006,241500
OneFam,Y,1012,778,1,4,2006,165150
OneFam,Y,1226,0,2,3,2010,198900
OneFam,Y,808,704,2,3,2009,135000
OneFam,Y,1313,0,2,3,2009,142900
OneFam,Y,713,0,1,2,2006,99800
OneFam,Y,694,520,1,3,2006,105000
OneFam,Y,725,863,3,3,2007,212109
OneFam,Y,1212,0,2,3,2010,186000
OneFam,Y,980,734,2,3,2010,196500
OneFam,Y,1104,0,1,3,2008,133000
OneFam,Y,624,663,1,3,2009,130000
OneFam,Y,1005,0,1,2,2009,115000
OneFam,Y,2113,0,2,2,2008,350000
OneFam,Y,1468,0,2,2,2010,271500
OneFam,Y,682,548,1,2,2009,110000
OneFam,Y,958,581,2,3,2008,157500
OneFam,Y,1584,1208,2,5,2008,256000
OneFam,Y,1584,0,2,2,2007,261329
OneFam,Y,970,0,1,3,2006,132000
OneFam,Y,887,0,1,3,2007,124500
OneFam,Y,1378,741,2,3,2009,158000
OneFam,Y,1225,908,1,4,2010,257500
OneFam,Y,1094,0,1,3,2008,155000
OneFam,Y,1105,0,1,3,2009,135000
OneFam,Y,1829,0,2,4,2010,218500
OneFam,Y,784,848,1,4,2009,173000
OneFam,Y,901,900,2,3,2006,239900
OneFam,Y,1102,0,1,2,2006,169000
OneFam,Y,1694,0,2,3,2010,245350
OneFam,Y,624,650,1,3,2010,136000
OneFam,Y,1098,866,2,4,2008,205000
OneFam,Y,1166,0,1,3,2008,115000
OneFam,Y,2140,0,2,3,2007,360000
OneFam,Y,1138,0,1,3,2007,145000
OneFam,Y,1168,678,2,3,2007,143000
OneFam,Y,864,0,1,3,2010,115000
OneFam,Y,864,0,1,2,2009,97000
OneFam,Y,1292,0,1,3,2009,145100
OneFam,Y,576,533,1,3,2007,139000
OneFam,Y,988,638,1,3,2007,154000
OneFam,Y,1057,0,1,3,2006,137000
Duplex,Y,1004,0,1,2,2006,135000
OneFam,Y,981,0,1,3,2007,143250
OneFam,Y,1091,984,2,3,2007,255000
OneFam,Y,945,912,2,4,2006,188900
OneFam,Y,1109,766,3,3,2006,184500
OneFam,Y,1721,0,2,3,2008,145000
OneFam,Y,1024,0,1,2,2006,157500
OneFam,Y,1302,735,2,3,2008,229000
OneFam,Y,1325,1093,2,3,2008,341000
OneFam,Y,864,615,2,5,2010,161000
Duplex,Y,1152,0,2,2,2009,159900
OneFam,Y,1700,0,1,4,2010,165500
OneFam,Y,1671,1407,2,4,2007,410000
OneFam,Y,868,602,1,2,2010,140750
OneFam,Y,1079,800,2,3,2009,239900
OneFam,Y,1610,551,1,3,2007,325624
OneFam,Y,1090,1124,2,3,2006,268500
OneFam,Y,1549,1178,2,3,2007,315000
OneFam,Y,1453,0,2,3,2009,187500
OneFam,Y,1082,871,2,3,2009,252000
OneFam,Y,1170,1162,2,4,2008,316000
OneFam,Y,900,602,1,3,2007,165000
OneFam,Y,1720,0,2,3,2010,260400
OneFam,N,789,0,1,2,2007,96500
OneFam,Y,1131,644,2,3,2010,136300
OneFam,Y,1610,0,2,3,2010,205000
OneFam,Y,909,886,2,3,2009,270000
OneFam,Y,1534,0,2,3,2007,215000
OneFam,Y,628,728,2,3,2008,177439
Duplex,Y,1728,0,2,6,2007,119000
OneFam,Y,1173,0,2,3,2010,170000
OneFam,N,835,0,1,2,2010,83000
OneFam,Y,1662,0,2,3,2009,291000
OneFam,Y,1006,1040,2,3,2008,284000
OneFam,Y,1026,932,2,3,2008,250000
OneFam,Y,1660,0,2,3,2008,256000
OneFam,Y,1158,1285,2,4,2007,265000
OneFam,Y,871,941,2,3,2009,193000
OneFam,Y,1277,0,1,2,2007,167000
OneFam,N,725,499,1,3,2010,107500
OneFam,Y,1319,0,1,3,2009,123000
OneFam,Y,1668,0,2,3,2010,232000
OneFam,Y,1718,0,2,3,2009,297000
OneFam,Y,872,917,2,3,2008,223000
OneFam,Y,894,0,1,3,2010,128200
OneFam,Y,1494,0,2,3,2007,279500
OneFam,Y,1629,0,2,3,2009,284000
OneFam,Y,1646,0,2,3,2007,248900
OneFam,Y,1050,0,1,3,2006,136500
OneFam,Y,1479,0,2,3,2007,226000
OneFam,Y,827,834,2,3,2009,212000
OneFam,Y,1587,0,2,3,2007,167300
OneFam,Y,1054,1335,2,4,2006,298236
OneFam,Y,2129,743,2,4,2007,285000
OneFam,N,2136,0,2,4,2006,137900
OneFam,Y,1149,0,1,3,2009,127000
OneFam,Y,672,672,1,3,2009,147000
OneFam,Y,1867,0,1,2,2009,190000
OneFam,Y,1120,0,1,3,2009,148800
OneFam,Y,974,0,1,3,2007,93500
OneFam,Y,1252,0,1,3,2008,142000
OneFam,Y,1206,0,1,3,2010,108538
OneFam,Y,1095,844,2,3,2006,266000
OneFam,Y,1298,530,2,3,2007,250000
OneFam,Y,1093,0,2,3,2007,158500
OneFam,Y,1444,0,2,3,2009,203000
OneFam,Y,2063,0,2,3,2009,315000
OneFam,Y,1037,0,1,2,2007,129000
OneFam,Y,1001,640,2,4,2008,140000
OneFam,Y,1005,978,2,3,2009,225000
OneFam,Y,1437,0,2,3,2007,218000
OneFam,Y,866,902,2,3,2009,212000
Duplex,N,1832,0,2,4,2010,136000
Duplex,N,1768,0,2,4,2010,136500
OneFam,Y,1061,0,1,1,2009,162000
OneFam,Y,954,0,1,3,2006,132500
OneFam,Y,802,670,2,3,2007,160000
OneFam,Y,1108,1277,2,4,2007,252000
Duplex,Y,1296,0,2,2,2006,90000
OneFam,Y,1280,1215,2,4,2010,243500
OneFam,Y,780,840,2,4,2007,152000
Duplex,Y,1200,0,3,3,2009,179000
Duplex,Y,1200,0,3,3,2009,179000
OneFam,Y,966,686,2,4,2010,139000
OneFam,Y,676,676,2,4,2009,149000
OneFam,N,846,0,1,2,2009,106000
OneFam,Y,725,0,1,1,2009,78500
OneFam,Y,832,629,2,4,2009,133500
OneFam,Y,1050,1028,2,3,2008,339750
OneFam,Y,1548,1066,2,4,2008,240000
OneFam,Y,1313,1182,2,5,2008,184000
OneFam,Y,1052,0,1,3,2007,127000
OneFam,Y,968,0,2,4,2007,64500
OneFam,Y,751,783,1,3,2007,148000
OneFam,Y,1047,0,1,2,2007,100000
OneFam,Y,1576,978,1,3,2007,159500
OneFam,Y,1248,0,1,3,2006,151500
OneFam,Y,1130,0,1,2,2006,120000
OneFam,Y,1096,370,2,3,2006,170000
OneFam,Y,1773,0,2,3,2006,183000
OneFam,N,720,472,1,4,2006,135000
OneFam,N,880,888,1,2,2006,163000
OneFam,Y,1720,0,2,3,2009,332000
OneFam,Y,981,779,1,4,2006,80000
OneFam,Y,988,885,2,3,2007,235500
OneFam,Y,810,0,1,2,2006,130000
OneFam,Y,1260,0,2,3,2008,181900
OneFam,Y,1086,809,2,3,2008,194500
OneFam,Y,1254,182,1,3,2008,139000
OneFam,Y,926,678,2,3,2008,181000
OneFam,Y,1575,0,2,2,2008,284000
OneFam,Y,959,712,2,3,2006,173000
OneFam,Y,1624,0,1,2,2006,146500
OneFam,Y,1097,0,1,3,2009,145000
OneFam,Y,1531,0,2,2,2009,300000
Duplex,N,1296,1296,2,6,2007,150000
OneFam,Y,1058,493,2,3,2006,137000
OneFam,Y,972,0,1,3,2010,122500
Duplex,N,1224,0,2,2,2007,103000
OneFam,Y,689,703,1,3,2010,161750
OneFam,Y,1129,1198,2,4,2008,240000
OneFam,N,715,0,1,2,2006,68000
OneFam,Y,1276,804,1,3,2009,234000
OneFam,Y,1253,0,1,2,2008,157000
OneFam,Y,960,0,1,3,2007,94750
Duplex,Y,1678,0,2,6,2009,119900
OneFam,Y,1058,846,2,3,2006,275000
OneFam,Y,1671,0,2,3,2009,200000
OneFam,Y,728,728,2,3,2009,184000
OneFam,Y,1048,510,1,3,2008,140000
OneFam,Y,1680,0,1,1,2009,323262
OneFam,Y,1525,0,2,3,2007,206580
OneFam,Y,1504,0,2,3,2006,199000
OneFam,Y,1223,904,2,3,2008,271000
OneFam,Y,1064,0,1,2,2010,135000
OneFam,Y,948,0,1,2,2007,125000
OneFam,Y,1284,0,2,3,2007,174000
OneFam,Y,1026,0,1,3,2008,147000
OneFam,Y,945,864,2,3,2006,209700
OneFam,Y,1064,1061,2,4,2008,279500
OneFam,Y,1571,0,2,3,2007,239000
OneFam,Y,1844,0,2,2,2009,257000
OneFam,Y,984,620,2,3,2009,117000
OneFam,Y,1154,0,1,3,2009,154000
OneFam,Y,1533,639,2,4,2008,291000
OneFam,Y,997,1288,2,4,2007,248000
OneFam,Y,1178,0,1,3,2007,135000
OneFam,Y,1411,1171,2,4,2007,322500
OneFam,Y,1026,981,2,3,2009,310000
OneFam,Y,1308,568,2,3,2006,229800
OneFam,Y,1400,0,2,3,2006,186800
OneFam,Y,1827,959,2,4,2008,372500
OneFam,Y,1520,1306,2,3,2006,334000
OneFam,Y,1293,0,2,2,2006,149900
OneFam,Y,1414,0,1,3,2008,176500
OneFam,Y,1512,1142,2,4,2006,250000
OneFam,Y,1258,0,2,3,2008,145000
OneFam,Y,897,439,1,3,2006,108000
OneFam,Y,1234,0,2,3,2008,179900
OneFam,Y,1036,880,2,3,2010,254900
OneFam,Y,1193,0,2,3,2009,158000
OneFam,Y,1476,677,2,3,2009,313000
OneFam,Y,1740,0,1,4,2008,150000
OneFam,Y,910,910,2,3,2008,213000
OneFam,Y,1005,0,1,2,2006,133500
OneFam,Y,1564,0,2,3,2008,218836
OneFam,Y,1164,1150,2,3,2006,229000
OneFam,Y,1120,850,2,3,2006,281000
OneFam,Y,640,0,1,1,2007,68104
OneFam,Y,608,788,2,3,2009,170000
Duplex,Y,1959,0,3,5,2006,171000
OneFam,Y,1595,0,2,2,2009,152000
Duplex,Y,1728,0,2,6,2008,145000
OneFam,Y,1092,1020,2,4,2008,206900
OneFam,Y,1168,800,2,4,2008,172000
OneFam,Y,1522,0,2,3,2007,182000
OneFam,Y,1210,0,2,3,2006,148000
OneFam,Y,744,630,2,3,2007,175000
OneFam,Y,1707,0,2,3,2009,184000
OneFam,Y,1358,0,1,1,2006,220000
OneFam,Y,1656,0,2,3,2007,249700
OneFam,Y,930,0,1,2,2010,84900
OneFam,N,1080,400,1,4,2007,136500
OneFam,Y,728,728,2,3,2007,155835
OneFam,Y,1427,0,2,4,2008,183000
OneFam,Y,965,0,1,2,2010,159000
OneFam,Y,1232,0,2,3,2008,162500
OneFam,Y,2490,0,2,2,2009,468000
OneFam,Y,1402,823,2,4,2010,285000
Duplex,Y,1921,0,2,4,2006,150000
OneFam,Y,1580,886,3,4,2007,340000
OneFam,Y,1717,0,2,3,2009,255500
OneFam,Y,2110,0,2,3,2010,244000
OneFam,Y,1492,0,2,3,2009,201000
OneFam,Y,1298,1216,2,4,2006,250000
OneFam,Y,1316,0,2,3,2007,200141
OneFam,Y,918,765,2,3,2009,172500
OneFam,Y,932,701,2,3,2008,183000
OneFam,Y,1696,0,2,3,2009,275000
OneFam,Y,1454,482,2,3,2006,230500
OneFam,Y,1134,1370,2,4,2008,325000
OneFam,Y,1298,0,2,3,2010,114000
OneFam,Y,1040,0,1,3,2008,129500
OneFam,Y,1298,0,2,3,2006,180000
OneFam,Y,1440,0,2,3,2008,232500
OneFam,Y,802,709,2,3,2006,185000
OneFam,Y,1614,0,2,3,2006,221500
OneFam,Y,956,930,2,4,2006,199900
OneFam,Y,1489,0,2,3,2006,232600
OneFam,Y,1055,790,2,3,2010,189000
OneFam,Y,720,720,1,4,2010,163000
OneFam,Y,1080,1017,2,3,2008,228000
OneFam,Y,1075,0,1,3,2008,148000
OneFam,Y,1452,0,1,2,2007,158450
OneFam,Y,1382,0,1,3,2006,148000
OneFam,Y,1004,0,1,2,2010,149000
OneFam,Y,1668,0,2,3,2007,285000
OneFam,Y,1200,0,2,3,2007,177500
OneFam,Y,1104,684,1,5,2009,161500
OneFam,Y,944,926,2,3,2009,211000
OneFam,Y,920,866,2,3,2008,223500
OneFam,Y,1149,1141,2,4,2008,255900
OneFam,Y,1208,0,1,3,2006,165000
OneFam,Y,1070,869,2,3,2006,227000
OneFam,Y,950,1045,2,4,2006,237000
OneFam,Y,1898,1080,2,5,2010,242000
OneFam,Y,1096,895,1,3,2007,220000
OneFam,Y,1175,807,2,3,2007,228500
OneFam,Y,1826,0,2,3,2006,319000
OneFam,Y,1922,0,2,2,2007,282000
OneFam,Y,1130,1054,2,3,2009,335000
OneFam,Y,1375,0,1,2,2006,140000
OneFam,Y,824,1070,2,4,2010,214900
OneFam,Y,840,828,2,3,2007,180000
OneFam,Y,1064,0,1,3,2006,153600
OneFam,Y,1118,0,1,3,2008,153000
OneFam,Y,1062,0,1,3,2007,146800
OneFam,Y,1085,845,2,4,2007,192000
OneFam,N,723,363,1,2,2008,55000
OneFam,Y,1200,0,1,4,2006,125000
OneFam,Y,1392,0,1,3,2010,121500
OneFam,Y,874,650,1,3,2007,144000
Duplex,Y,928,992,2,4,2007,137000
OneFam,Y,1673,0,2,3,2007,270000
OneFam,Y,1312,0,1,3,2008,186000
OneFam,Y,1610,0,2,3,2007,185000
OneFam,Y,1523,0,2,3,2008,180000
OneFam,Y,1836,0,2,3,2009,280000
OneFam,Y,1091,898,2,3,2006,255000
OneFam,Y,1299,0,1,3,2007,150000
OneFam,Y,1128,0,1,2,2010,178000
OneFam,Y,1374,0,1,3,2007,147000
OneFam,N,1055,218,1,3,2006,121000
OneFam,Y,1856,0,1,1,2010,394432
OneFam,Y,2633,0,2,2,2007,466500
OneFam,Y,1153,878,2,3,2008,222500
OneFam,Y,1148,568,1,3,2009,131000
OneFam,N,1136,883,1,3,2009,167500
OneFam,Y,801,726,1,3,2009,152500
OneFam,Y,1838,0,2,3,2009,272500
OneFam,Y,1601,0,2,3,2010,272000
OneFam,Y,1008,0,1,2,2006,137000
OneFam,Y,1362,720,2,3,2008,200000
OneFam,Y,1634,0,2,3,2007,250000
OneFam,Y,792,725,1,3,2006,230000
OneFam,Y,2028,0,2,2,2006,369900
OneFam,Y,1964,0,2,3,2008,370000
OneFam,Y,1728,0,2,3,2008,298751
OneFam,Y,1511,0,2,3,2008,225000
OneFam,Y,1412,0,2,3,2009,175000
Duplex,Y,1776,0,2,4,2009,110000
OneFam,Y,1576,0,1,4,2009,174500
OneFam,Y,811,741,2,3,2006,179900
OneFam,Y,1704,0,2,3,2010,306000
OneFam,Y,1074,0,1,3,2010,144500
OneFam,Y,913,1209,2,4,2009,220000
Duplex,Y,1680,0,2,4,2007,136905
OneFam,Y,1040,0,1,3,2009,163000
OneFam,N,845,0,1,3,2009,84000
OneFam,Y,1643,0,2,2,2008,195000
OneFam,Y,1020,1037,1,3,2006,250000
OneFam,Y,1357,0,1,2,2008,177000
OneFam,N,943,0,1,3,2007,80000
OneFam,Y,1698,0,2,3,2010,275000
OneFam,Y,1423,748,2,3,2008,191000
OneFam,Y,1159,0,1,3,2006,158000
OneFam,Y,882,0,1,2,2008,116000
OneFam,Y,1154,0,1,3,2007,142000
OneFam,Y,1537,0,2,3,2008,294000
OneFam,Y,1838,0,2,3,2006,359900
OneFam,Y,1736,0,2,3,2009,360000
OneFam,Y,1040,685,2,3,2007,197000
Duplex,Y,1105,1169,2,5,2010,154300
OneFam,Y,1383,0,1,3,2006,145250
OneFam,Y,1180,0,1,2,2006,137500
OneFam,Y,1040,1040,1,5,2007,135000
OneFam,Y,920,900,2,3,2007,191750
OneFam,Y,672,714,2,3,2010,158900
OneFam,Y,1092,0,1,3,2009,139000
OneFam,Y,896,0,1,2,2010,105000
OneFam,Y,1052,0,1,3,2009,113500
OneFam,Y,816,0,1,2,2007,139000
OneFam,Y,1052,1321,2,4,2006,258000
OneFam,Y,1428,0,2,3,2008,182000
Duplex,Y,1338,1296,2,6,2009,200000
OneFam,Y,1544,814,2,4,2006,329900
OneFam,Y,1498,0,2,3,2009,237000
OneFam,Y,1734,0,2,3,2006,260000
OneFam,Y,1590,0,2,2,2006,294900
OneFam,Y,860,860,2,3,2006,196500
OneFam,Y,704,718,2,3,2009,173000
OneFam,Y,1472,0,2,2,2006,157500
OneFam,Y,1326,0,2,3,2006,174190
OneFam,Y,1611,0,2,3,2009,250000
OneFam,Y,1082,0,1,2,2007,119200
OneFam,Y,1905,0,2,3,2007,320000
OneFam,Y,816,0,1,2,2006,109000
OneFam,Y,2006,0,2,2,2008,350000
OneFam,Y,1040,0,1,3,2007,123000
OneFam,Y,1560,0,2,3,2006,182000
OneFam,Y,886,878,2,3,2008,207000
OneFam,Y,1215,1017,2,3,2009,263550
OneFam,Y,1828,0,2,3,2007,314813
OneFam,Y,829,727,1,4,2009,154000
OneFam,N,1320,1320,1,4,2009,265979
OneFam,Y,1265,673,2,4,2008,198000
OneFam,Y,1041,702,1,3,2007,175000
OneFam,Y,1152,0,1,3,2007,143450
OneFam,Y,1295,0,1,3,2007,164000
OneFam,Y,708,708,2,3,2006,179900
OneFam,Y,1442,0,2,2,2009,185000
OneFam,Y,1851,0,2,3,2006,192100
OneFam,N,1017,810,1,2,2006,202500
OneFam,Y,1546,0,2,3,2007,217000
OneFam,Y,1844,0,2,3,2010,190000
OneFam,Y,1105,1097,2,4,2007,263000
OneFam,Y,1164,1106,2,4,2010,290000
OneFam,Y,1797,0,1,3,2006,169000
OneFam,Y,1368,0,1,3,2009,120000
OneFam,Y,1560,0,1,2,2009,103500
OneFam,Y,768,432,1,3,2008,130500
OneFam,N,796,550,1,2,2007,112000
OneFam,Y,1320,0,1,3,2006,164500
OneFam,Y,2276,0,2,3,2008,475000
OneFam,Y,1766,0,2,3,2008,395039
OneFam,Y,1155,0,1,3,2010,148000
OneFam,Y,1383,1015,2,3,2007,315750
OneFam,N,792,328,1,2,2010,64000
OneFam,Y,1008,1275,2,4,2009,270000
OneFam,Y,847,1112,2,4,2007,215000
OneFam,Y,1382,0,2,1,2007,110000
OneFam,Y,894,0,1,3,2007,131000
OneFam,Y,1146,1340,3,5,2007,279900
OneFam,Y,1685,0,2,2,2007,253000
OneFam,Y,1694,0,2,3,2007,322400
OneFam,Y,1542,0,2,3,2007,260261
Duplex,Y,1652,0,2,4,2006,146500
OneFam,Y,1788,0,2,3,2009,236500
OneFam,Y,1532,797,2,4,2008,262280
Duplex,Y,816,0,1,3,2007,118500
OneFam,Y,2046,0,2,3,2009,372500
OneFam,Y,1792,0,2,2,2006,374000
OneFam,Y,1177,0,2,3,2007,151500
OneFam,Y,1027,606,1,3,2010,129000
OneFam,Y,1442,0,2,3,2009,180500
Duplex,Y,1168,1619,4,6,2009,269500
OneFam,Y,1344,0,2,3,2010,166500
OneFam,Y,1601,0,2,3,2009,157000
OneFam,Y,1504,0,2,3,2009,203000
OneFam,Y,1299,573,2,3,2009,261500
OneFam,N,1445,689,2,5,2009,214500
OneFam,Y,1346,0,2,3,2010,220000
OneFam,Y,946,988,2,3,2009,185000
OneFam,Y,1411,0,2,3,2009,82500
OneFam,Y,1392,0,1,3,2008,166000
OneFam,Y,684,876,2,3,2009,174000
OneFam,Y,831,828,2,3,2010,181000
OneFam,Y,1800,0,2,2,2009,239000
OneFam,Y,1182,1142,3,4,2006,345000
OneFam,Y,1592,0,2,3,2007,228000
OneFam,Y,1251,1250,2,4,2008,290000
OneFam,Y,1580,0,2,3,2008,235128
OneFam,Y,975,780,2,3,2009,235000
OneFam,Y,754,640,2,3,2007,165500
OneFam,Y,1161,808,2,3,2007,190000
OneFam,Y,1574,0,2,3,2008,232000
OneFam,Y,1433,0,1,1,2010,270000
OneFam,Y,849,811,1,3,2008,188700
OneFam,Y,1244,0,1,3,2007,150000
OneFam,Y,1234,1140,2,4,2007,285000
OneFam,Y,860,704,1,3,2009,174500
OneFam,Y,1122,0,1,2,2008,147000
OneFam,Y,2362,0,2,3,2007,255000
OneFam,Y,1388,0,2,3,2006,158900
OneFam,Y,774,1194,2,4,2010,269500
OneFam,Y,1086,838,2,3,2006,280000
OneFam,Y,796,816,2,3,2008,218689
OneFam,Y,1694,0,2,3,2007,318000
OneFam,Y,1118,912,2,4,2007,195000
OneFam,Y,1488,0,1,3,2006,135000
OneFam,Y,1734,0,2,3,2007,318000
OneFam,Y,1422,0,2,3,2008,175500
OneFam,Y,1140,728,3,3,2007,178000
OneFam,Y,725,754,2,3,2007,176000
OneFam,Y,1165,1098,2,4,2006,258000
OneFam,Y,1445,0,1,3,2009,158000
OneFam,Y,1136,1332,2,4,2007,354000
OneFam,Y,1216,0,1,3,2007,156000
OneFam,Y,1033,0,1,3,2008,165000
OneFam,Y,1082,1240,3,4,2006,287602
Duplex,N,1440,0,2,4,2008,118000
OneFam,Y,1710,0,2,3,2009,240000
OneFam,Y,999,0,1,3,2008,178400
OneFam,Y,1313,1246,2,4,2006,209000
OneFam,Y,1080,672,2,4,2010,164000
OneFam,Y,1661,0,2,3,2010,224900
OneFam,Y,1036,0,1,3,2009,133000
OneFam,Y,910,611,1,3,2006,147500
OneFam,N,1050,745,2,4,2008,131500
OneFam,Y,1299,0,2,2,2007,183500
OneFam,Y,1414,917,2,3,2008,379000
OneFam,N,810,672,2,4,2008,140000
OneFam,Y,1657,0,2,3,2007,163500
OneFam,Y,1188,0,1,3,2010,142000
OneFam,Y,1505,0,1,2,2009,149500
OneFam,Y,1940,1254,2,4,2007,359100
OneFam,Y,908,0,1,2,2007,138500
OneFam,Y,585,468,1,2,2008,120000
OneFam,Y,1541,0,2,3,2010,220000
OneFam,Y,1779,772,2,4,2007,384500
OneFam,Y,928,895,2,3,2008,235000
OneFam,Y,1411,0,1,3,2007,130000
OneFam,Y,1276,1336,2,4,2009,336000
OneFam,Y,1588,0,2,5,2008,65000
OneFam,Y,976,1111,2,5,2007,187500
OneFam,Y,804,1157,2,3,2009,215000
OneFam,Y,1326,0,2,3,2007,203000
OneFam,Y,955,925,2,3,2007,310013
OneFam,Y,2020,0,2,3,2009,402861
OneFam,Y,1022,1032,2,3,2009,244000
OneFam,Y,1542,1330,2,4,2008,272000
OneFam,Y,1740,0,2,4,2006,293000
OneFam,Y,1484,0,2,3,2007,175000
OneFam,Y,1482,780,2,4,2008,305000
OneFam,Y,1174,0,1,3,2008,158000
OneFam,Y,1500,1122,2,3,2010,325000
OneFam,Y,1328,1203,2,4,2007,290000
OneFam,Y,1428,0,2,3,2008,227680
OneFam,Y,1329,0,1,3,2009,176000
OneFam,Y,1966,0,2,1,2007,419005
OneFam,Y,1102,1371,2,4,2006,356383
OneFam,Y,1664,0,2,3,2007,213000
OneFam,Y,959,650,1,3,2006,199500
OneFam,Y,1496,636,1,1,2009,316600
OneFam,Y,1034,0,1,3,2010,169900
OneFam,Y,1164,1377,3,4,2007,349265
OneFam,Y,1068,1116,2,4,2009,254750
OneFam,Y,861,0,1,1,2009,82500
OneFam,Y,1422,0,1,3,2007,139900
OneFam,Y,1365,1325,2,3,2009,398800
OneFam,Y,2020,0,2,3,2009,404000
OneFam,Y,853,900,2,3,2007,217000
OneFam,Y,684,512,1,3,2009,110000
OneFam,Y,854,0,1,2,2007,128500
OneFam,Y,964,838,2,3,2010,218000
OneFam,N,729,0,1,2,2006,51689
OneFam,Y,1081,341,1,3,2006,137500
OneFam,Y,1699,1523,3,5,2010,320000
OneFam,Y,1944,0,2,3,2006,360000
OneFam,Y,1142,793,2,3,2007,197900
OneFam,Y,1539,1134,2,4,2009,249000
OneFam,Y,1218,943,2,3,2008,263400
OneFam,Y,847,1101,2,4,2006,195000
OneFam,Y,847,886,2,3,2007,225000
OneFam,Y,889,0,1,3,2008,137500
OneFam,Y,1215,0,1,3,2009,155000
OneFam,Y,1125,592,1,2,2006,194000
OneFam,Y,1651,0,2,3,2008,184000
OneFam,Y,944,896,2,3,2009,230000
OneFam,Y,963,829,2,3,2008,231500
Duplex,Y,1824,0,2,5,2008,146000
OneFam,Y,1264,1312,2,4,2006,361919
OneFam,Y,795,704,2,3,2006,187000
OneFam,Y,1932,0,2,2,2008,394617
OneFam,Y,1116,848,2,3,2006,252000
OneFam,Y,1114,0,2,3,2009,153000
OneFam,Y,1094,0,1,3,2007,149000
OneFam,Y,1718,0,2,3,2009,337500
OneFam,Y,1037,1285,2,4,2008,225000
OneFam,Y,1624,0,2,2,2006,262000
OneFam,Y,1040,0,1,3,2009,152000
OneFam,Y,1816,0,2,3,2007,356000
OneFam,Y,1742,590,2,3,2008,426000
OneFam,Y,1100,0,1,3,2008,141000
OneFam,Y,983,767,2,4,2008,160000
OneFam,Y,1420,1420,2,4,2008,292500
OneFam,Y,1281,457,2,4,2009,104900
OneFam,Y,1008,0,1,3,2009,139500
OneFam,Y,1078,0,1,3,2010,149900
OneFam,Y,1632,1158,2,4,2008,460000
OneFam,Y,1440,0,2,3,2007,182900
OneFam,Y,991,956,2,3,2010,254900
OneFam,Y,895,923,2,3,2007,281500
OneFam,Y,1565,1234,2,3,2006,315000
OneFam,Y,742,742,2,3,2009,174000
OneFam,Y,1530,0,2,3,2009,250000
OneFam,Y,2158,0,2,4,2007,243000
OneFam,Y,1978,0,2,2,2009,425000
OneFam,Y,1824,0,2,3,2007,392000
Duplex,Y,1728,0,2,4,2006,150900
OneFam,Y,876,540,1,4,2008,153900
OneFam,Y,1133,1349,2,4,2007,281213
OneFam,Y,2422,0,3,4,2007,255000
OneFam,Y,1688,0,2,2,2008,226500
OneFam,Y,3228,0,3,4,2007,430000
OneFam,Y,1246,0,1,3,2006,172000
OneFam,Y,882,0,1,2,2008,97000
OneFam,Y,2042,0,2,3,2009,253293
OneFam,Y,1582,0,2,3,2008,317500
OneFam,Y,1055,0,1,2,2007,147000
OneFam,Y,1466,1221,2,4,2009,327000
OneFam,Y,2470,0,1,1,2008,615000
OneFam,Y,1531,908,2,4,2007,275000
OneFam,Y,1285,782,2,3,2009,206000
OneFam,Y,864,0,1,3,2008,111250
Duplex,Y,2048,0,3,5,2010,170000
OneFam,Y,958,0,1,2,2007,151500
OneFam,Y,835,828,2,3,2008,192500
OneFam,N,950,0,1,2,2008,130000
OneFam,Y,1008,0,1,2,2006,139500
OneFam,Y,1828,0,2,3,2009,279500
OneFam,Y,616,1072,2,4,2008,200000
OneFam,Y,1644,0,2,2,2009,275000
OneFam,Y,1494,0,2,3,2008,221000
OneFam,Y,1518,631,1,1,2009,239686
OneFam,Y,920,860,2,3,2008,264966
OneFam,Y,1418,0,1,1,2010,267916
OneFam,Y,1627,707,2,3,2010,376162
OneFam,Y,1409,0,1,1,2007,245000
OneFam,Y,1209,1044,2,3,2006,344133
OneFam,Y,1760,0,2,3,2009,269500
OneFam,Y,1544,0,2,3,2010,290941
OneFam,Y,1464,0,2,3,2009,175000
OneFam,Y,833,0,1,2,2010,149900
OneFam,Y,1262,1005,1,3,2007,219000
OneFam,Y,1495,0,2,3,2008,150000
OneFam,Y,878,1126,2,4,2009,257500
OneFam,Y,1620,0,2,2,2009,315500
Duplex,Y,1258,0,0,0,2008,108959
OneFam,Y,780,780,1,3,2010,159900
OneFam,Y,2364,0,2,2,2010,611657
OneFam,Y,2117,0,2,4,2008,237500
OneFam,Y,1081,0,1,3,2008,148000
OneFam,Y,735,660,1,3,2009,162000
OneFam,Y,1152,645,2,3,2010,231000
OneFam,Y,912,0,1,2,2008,144000
OneFam,Y,1647,0,2,3,2006,217500
OneFam,Y,1182,960,2,4,2009,193500
OneFam,Y,1220,0,2,2,2007,170000
OneFam,Y,1153,1200,2,4,2009,260000
OneFam,Y,993,1243,2,4,2006,222000
OneFam,Y,882,0,1,2,2009,124500
OneFam,Y,1096,0,1,3,2008,157500
OneFam,Y,1100,0,1,3,2006,145000
OneFam,Y,691,807,2,3,2006,187500
OneFam,Y,781,890,2,3,2006,170000
OneFam,Y,1000,0,1,1,2006,164000
OneFam,Y,1024,0,1,3,2006,120875
OneFam,Y,1053,795,1,4,2008,207000
OneFam,Y,1211,0,2,3,2008,161000
OneFam,Y,1718,1238,2,5,2007,342000
OneFam,Y,1112,0,1,2,2009,126000
OneFam,Y,1114,0,1,3,2009,159000
OneFam,Y,1114,0,1,3,2009,142000
OneFam,Y,1175,0,1,3,2008,146000
OneFam,Y,1131,0,1,3,2006,132000
OneFam,Y,1141,0,1,3,2006,142500
OneFam,Y,1158,0,1,3,2006,158000
Duplex,Y,1728,0,2,6,2008,142600
OneFam,Y,1226,0,1,2,2007,153500
OneFam,Y,2079,608,2,4,2006,270000
OneFam,Y,1493,0,2,3,2008,208900
OneFam,Y,912,1215,2,4,2007,238000
OneFam,Y,960,780,1,3,2007,219500
OneFam,Y,1803,0,2,3,2006,155000
OneFam,Y,1074,990,2,4,2006,250000
OneFam,Y,892,892,1,4,2006,138887
OneFam,Y,872,899,2,3,2008,215700
OneFam,Y,1251,1098,2,4,2010,362500
OneFam,Y,846,846,2,3,2009,224500
OneFam,Y,2036,604,3,3,2006,405749
OneFam,Y,1652,0,2,2,2009,325000
OneFam,Y,2073,0,2,3,2010,210000
OneFam,Y,1570,0,1,3,2008,166800
OneFam,Y,1497,797,3,5,2007,202500
OneFam,Y,608,850,2,3,2007,168165
OneFam,Y,2018,0,2,3,2010,378500
OneFam,Y,1426,488,2,3,2006,279000
OneFam,Y,1154,896,2,4,2009,154000
OneFam,Y,1578,0,2,3,2008,240000
Duplex,Y,1728,0,2,6,2010,84900
OneFam,Y,1105,1295,3,4,2009,290000
OneFam,Y,1689,0,2,3,2008,271000
OneFam,Y,1383,0,1,3,2008,165000
OneFam,Y,1698,0,2,3,2009,320000
OneFam,Y,744,630,2,3,2010,184500
OneFam,Y,928,0,1,2,2007,132000
OneFam,Y,1384,0,1,2,2006,159000
OneFam,Y,1561,0,2,3,2009,193000
OneFam,Y,1166,1129,2,4,2006,268000
OneFam,Y,894,0,1,3,2006,142500
OneFam,Y,845,825,1,4,2008,170000
OneFam,Y,964,0,1,2,2009,163500
OneFam,Y,1846,0,2,3,2006,233555
OneFam,Y,1404,0,2,3,2009,160000
OneFam,Y,1360,0,1,3,2006,140000
OneFam,Y,1086,0,1,3,2006,159950
OneFam,Y,1850,898,2,4,2008,390000
OneFam,Y,1132,1320,3,4,2006,309000
OneFam,Y,951,828,2,3,2006,217000
OneFam,Y,2036,0,2,3,2009,410000
OneFam,Y,1148,1402,2,4,2007,338931
OneFam,Y,920,941,2,3,2006,200000
OneFam,Y,2392,0,2,3,2009,386250
OneFam,Y,1122,1121,2,4,2007,225000
OneFam,Y,1728,568,2,3,2009,451950
OneFam,Y,1728,0,2,3,2009,177625
OneFam,Y,1521,1254,3,3,2008,325000
OneFam,Y,1252,0,1,1,2008,235000
OneFam,Y,1312,1142,2,3,2007,185000
OneFam,Y,1636,0,2,3,2007,255000
OneFam,Y,1808,0,2,3,2009,324000
OneFam,Y,1060,764,1,3,2007,180500
OneFam,Y,725,754,2,3,2010,130500
OneFam,Y,1966,1174,3,4,2009,485000
OneFam,Y,935,0,1,3,2006,137000
OneFam,Y,1168,1332,3,5,2008,355000
OneFam,Y,1392,0,1,2,2009,110000
OneFam,Y,990,0,1,3,2006,156000
OneFam,Y,1186,800,2,3,2009,205000
OneFam,Y,1056,0,1,3,2006,125000
OneFam,Y,1182,800,2,3,2009,208000
OneFam,Y,1802,0,2,3,2007,372000
OneFam,Y,1960,0,2,3,2006,320000
OneFam,Y,1943,713,2,3,2007,492000
OneFam,Y,1687,563,2,3,2010,320000
OneFam,Y,1252,668,2,4,2006,172500
OneFam,Y,2223,0,2,3,2007,244000
OneFam,Y,1722,1036,2,4,2007,418000
OneFam,Y,1696,0,1,3,2007,143900
OneFam,Y,1733,0,2,4,2009,139600
OneFam,Y,840,727,1,2,2009,205000
OneFam,Y,1426,1519,3,3,2006,438780
OneFam,Y,1572,1096,2,3,2008,412500
OneFam,Y,2674,0,2,2,2009,610000
OneFam,Y,2464,0,2,4,2008,417500
OneFam,Y,2069,574,2,3,2007,380000
OneFam,Y,1114,0,1,3,2008,159000
OneFam,Y,1114,0,1,3,2008,155000
OneFam,Y,902,918,1,4,2008,201800
OneFam,Y,1541,0,2,3,2006,205000
OneFam,Y,910,648,1,4,2007,152000
OneFam,Y,1236,872,2,4,2008,235000
OneFam,Y,1700,512,2,3,2006,309000
OneFam,Y,1187,530,2,3,2007,187500
OneFam,Y,1792,0,2,2,2006,372397
OneFam,Y,1176,0,1,3,2007,137000
OneFam,Y,1316,972,1,4,2009,230000
OneFam,Y,1137,0,2,2,2006,176000
OneFam,Y,1021,580,1,3,2008,140000
OneFam,Y,928,701,2,3,2010,189900
OneFam,Y,1377,806,2,4,2006,229000
OneFam,Y,2000,704,2,4,2009,345000
OneFam,Y,794,676,2,3,2007,177000
OneFam,Y,2042,0,2,3,2007,455000
OneFam,Y,1734,1088,3,4,2009,582933
OneFam,Y,1710,0,2,2,2008,372402
OneFam,Y,2552,0,2,3,2007,479069
OneFam,Y,2076,0,2,2,2006,465000
OneFam,Y,996,0,1,3,2008,108000
OneFam,Y,1117,1089,2,4,2006,300000
OneFam,Y,1306,954,2,3,2010,328000
OneFam,Y,1152,0,1,3,2009,158500
OneFam,Y,936,840,2,3,2006,192500
OneFam,Y,879,984,2,4,2006,219210
OneFam,Y,851,858,2,3,2008,185000
OneFam,Y,2234,0,1,1,2007,441929
OneFam,Y,1968,1479,3,4,2008,381000
OneFam,Y,1152,0,1,3,2010,180500
OneFam,Y,1472,0,2,3,2009,187500
OneFam,Y,796,566,1,1,2009,143000
OneFam,Y,1811,0,1,2,2006,230000
OneFam,Y,1822,0,2,3,2010,259000
OneFam,Y,1384,0,2,3,2008,177900
OneFam,Y,1200,0,1,3,2008,173000
OneFam,Y,1621,0,2,3,2006,202500
OneFam,Y,1020,0,2,3,2007,165000
OneFam,Y,1071,1101,2,3,2007,280000
OneFam,Y,1922,0,2,3,2007,377426
OneFam,Y,1101,1099,2,4,2008,225000
OneFam,Y,1188,0,1,1,2008,185000
OneFam,Y,1375,0,1,3,2007,187000
OneFam,Y,1437,0,1,3,2006,168000
OneFam,Y,1000,544,2,3,2007,138000
OneFam,Y,993,915,2,4,2010,202900
OneFam,Y,1216,941,2,4,2006,226000
OneFam,Y,1104,697,1,3,2006,210000
OneFam,Y,1158,1218,3,4,2006,325300
OneFam,Y,1022,0,1,3,2007,139500
OneFam,Y,1973,0,2,3,2007,395000
OneFam,Y,1600,0,2,3,2009,256300
OneFam,Y,831,614,2,3,2010,138500
OneFam,Y,1790,0,2,3,2008,180000
OneFam,Y,1794,978,3,4,2009,462000
OneFam,Y,1145,1053,2,4,2008,250000
OneFam,Y,1329,0,1,3,2010,172000
OneFam,Y,1217,1168,2,3,2007,350000
OneFam,Y,1005,0,1,3,2007,115400
OneFam,Y,2696,0,2,3,2010,500000
OneFam,Y,1987,0,2,2,2008,301500
OneFam,Y,1236,1104,2,4,2008,306000
OneFam,Y,1558,0,2,2,2008,163000
OneFam,Y,2151,495,2,3,2006,260000
OneFam,Y,1800,0,2,3,2006,312500
OneFam,Y,2122,0,2,2,2007,345474
OneFam,Y,1187,0,1,2,2007,140500
OneFam,Y,1180,882,2,3,2007,277000
OneFam,Y,1344,0,1,3,2009,137500
OneFam,Y,1950,0,2,2,2008,383000
OneFam,Y,1479,0,2,3,2009,213500
OneFam,Y,1839,0,2,3,2007,257500
OneFam,Y,1782,0,2,3,2008,220000
OneFam,Y,2121,0,2,3,2007,415298
OneFam,Y,1641,0,2,3,2009,316500
OneFam,Y,1629,0,2,3,2007,270000
OneFam,Y,1352,1168,2,5,2006,310000
OneFam,Y,1363,0,1,2,2009,164900
OneFam,Y,832,825,2,3,2008,189000
OneFam,Y,1530,0,2,3,2007,259000
OneFam,N,733,0,1,2,2008,13100
OneFam,Y,1429,0,1,3,2007,181900
OneFam,Y,1506,0,2,2,2008,264132
OneFam,Y,894,1039,2,4,2008,214000
OneFam,Y,1838,0,2,2,2009,315000
OneFam,Y,1104,884,2,4,2008,227000
OneFam,Y,1273,0,1,2,2009,155000
OneFam,Y,2196,0,2,3,2009,271900
OneFam,Y,1694,0,2,2,2009,318750
OneFam,Y,1567,0,2,2,2009,256000
OneFam,Y,2053,1185,2,4,2010,410000
OneFam,Y,1463,0,2,3,2009,207000
OneFam,Y,1547,720,2,2,2006,169000
OneFam,Y,1422,1177,2,4,2010,333168
OneFam,Y,1640,0,1,3,2008,224000
OneFam,Y,1868,0,2,2,2006,415000
OneFam,Y,1787,0,2,3,2006,275000
OneFam,Y,2084,0,2,2,2008,385000
OneFam,Y,1097,896,2,4,2006,190000
OneFam,Y,1780,0,2,2,2006,378000
OneFam,Y,2492,0,2,2,2009,552000
OneFam,Y,1092,0,1,2,2006,141000
OneFam,Y,1670,0,2,3,2006,240000
OneFam,Y,1786,0,2,3,2008,300000
OneFam,Y,1746,0,2,3,2009,377500
OneFam,Y,1476,1237,2,3,2008,446261
OneFam,Y,1976,0,2,2,2007,440000
OneFam,Y,916,720,2,3,2008,173000
OneFam,Y,1490,1304,2,4,2009,403000
OneFam,Y,1670,0,2,2,2006,336820
OneFam,Y,1026,0,1,3,2010,150000
OneFam,Y,1464,0,2,3,2007,282922
OneFam,Y,2200,0,2,3,2009,382500
OneFam,Y,1675,0,2,3,2010,173000
OneFam,Y,2452,0,2,3,2009,445000
OneFam,Y,1212,780,2,3,2007,211000
OneFam,Y,1264,0,1,2,2010,169000
OneFam,Y,1776,0,2,3,2007,283463
OneFam,Y,1138,0,1,3,2009,148000
OneFam,Y,788,702,2,3,2008,184000
OneFam,Y,1620,0,2,4,2008,215000
OneFam,Y,904,611,2,4,2009,165000
OneFam,Y,1884,0,2,2,2008,387000
OneFam,Y,1494,0,2,3,2010,169000
OneFam,Y,1740,0,1,2,2009,241600
OneFam,Y,928,836,2,3,2009,231500
OneFam,Y,884,0,1,2,2006,142000
OneFam,Y,2402,0,2,2,2009,555000
OneFam,Y,2046,0,2,2,2007,450000
OneFam,Y,2898,0,2,2,2008,287000
OneFam,Y,864,0,1,3,2009,133500
OneFam,Y,676,588,1,3,2008,147500
OneFam,Y,840,840,2,4,2008,177000
OneFam,Y,728,728,2,3,2006,172785
OneFam,Y,2071,0,1,4,2009,165000
OneFam,Y,1304,983,2,3,2006,225000
Duplex,Y,1102,1075,2,5,2010,215000
OneFam,N,986,537,2,3,2009,158000
OneFam,Y,1278,1037,2,4,2006,257000
OneFam,Y,1801,0,2,1,2010,289000
OneFam,Y,1126,0,2,3,2008,175000
OneFam,Y,1079,840,2,3,2006,233230
OneFam,Y,2411,2065,3,4,2007,745000
OneFam,Y,1383,0,1,2,2009,122000
OneFam,Y,810,496,1,3,2009,130000
OneFam,Y,1137,817,1,3,2008,311500
OneFam,Y,2014,0,2,2,2009,275000
OneFam,Y,1513,0,2,2,2009,220000
OneFam,Y,924,0,1,2,2007,112500
OneFam,Y,768,728,3,3,2007,181755
OneFam,Y,1687,998,2,5,2009,197000
OneFam,Y,2217,0,2,4,2007,268000
OneFam,Y,1096,0,1,3,2006,138800
OneFam,Y,1223,1089,2,4,2009,245000
OneFam,Y,1390,1405,3,4,2006,401179
OneFam,Y,1356,0,2,3,2007,188000
OneFam,Y,1482,0,2,3,2006,125000
OneFam,Y,1414,1384,3,3,2006,457347
OneFam,Y,1850,0,2,3,2006,326000
OneFam,Y,1850,848,2,4,2006,535000
OneFam,Y,1992,876,3,4,2006,556581
OneFam,Y,1301,1116,2,4,2006,260000
OneFam,Y,1176,0,1,2,2006,119900
OneFam,Y,1432,0,1,2,2007,194000
OneFam,Y,1530,0,2,3,2009,260000
OneFam,Y,1618,0,2,2,2006,252000
OneFam,Y,1494,0,2,3,2007,215000
OneFam,Y,1119,0,2,2,2007,188500
OneFam,Y,1210,1242,2,4,2007,267000
OneFam,Y,1249,1347,3,4,2006,342643
OneFam,Y,907,0,1,3,2009,140000
OneFam,Y,1671,0,3,3,2008,290000
OneFam,Y,1430,0,2,3,2009,187100
OneFam,Y,901,450,1,3,2007,122000
OneFam,Y,907,0,1,3,2007,130000
OneFam,Y,1600,0,1,2,2006,207500
OneFam,Y,1844,0,2,3,2006,223000
OneFam,Y,1738,851,2,4,2006,412083
OneFam,Y,1804,886,2,4,2008,370000
OneFam,Y,872,521,1,3,2008,135500
OneFam,Y,1888,0,2,2,2010,190000
OneFam,Y,1320,0,2,3,2009,172500
OneFam,Y,1310,1140,2,3,2009,340000
OneFam,Y,1170,1175,2,4,2006,239000
OneFam,Y,1097,0,1,3,2007,147900
OneFam,Y,1602,0,2,3,2009,215000
OneFam,Y,1701,0,2,3,2007,171000
OneFam,Y,1582,570,2,3,2007,260116
OneFam,Y,1468,795,2,3,2006,235000
OneFam,Y,1707,0,2,2,2006,228000
OneFam,Y,1392,1392,3,5,2006,250000
OneFam,Y,944,815,2,3,2009,233500
OneFam,Y,1980,0,2,3,2006,315000
OneFam,Y,1195,644,2,4,2010,221000
OneFam,Y,1712,0,2,3,2009,286500
OneFam,Y,1567,1087,3,4,2007,158000
OneFam,Y,1782,0,2,3,2009,296000
OneFam,Y,1515,1134,2,4,2008,421250
OneFam,Y,1328,0,1,2,2007,170000
OneFam,Y,1586,0,2,3,2009,181000
OneFam,Y,1117,864,2,4,2010,230000
OneFam,Y,664,832,2,3,2006,179665
OneFam,Y,1120,468,2,4,2008,134432
OneFam,Y,1229,0,1,3,2009,135000
OneFam,Y,2290,0,2,2,2007,500067
OneFam,Y,914,0,1,2,2007,128000
OneFam,Y,1140,0,1,3,2006,84500
OneFam,Y,1341,0,1,1,2007,246900
OneFam,Y,1933,1567,3,4,2006,584500
OneFam,Y,1019,537,2,3,2010,172500
OneFam,Y,1126,0,2,3,2006,160000
OneFam,Y,2234,0,2,1,2009,501837
OneFam,Y,1645,830,2,4,2010,355000
OneFam,Y,1508,0,1,1,2010,308030
OneFam,Y,1902,0,2,3,2010,335000
OneFam,Y,1906,0,1,3,2009,224000
OneFam,Y,912,546,1,3,2010,97500
OneFam,N,872,0,1,2,2006,105000
OneFam,Y,1325,0,2,3,2007,216000
OneFam,Y,1516,651,2,3,2007,294000
OneFam,Y,2365,0,2,3,2009,315000
OneFam,Y,1478,0,2,3,2009,157500
OneFam,Y,916,826,1,4,2009,168000
OneFam,Y,1466,0,1,3,2006,149900
OneFam,Y,2497,0,2,2,2007,373000
OneFam,N,1242,0,1,2,2007,109900
OneFam,Y,1724,0,1,3,2009,197900
OneFam,Y,1680,0,2,4,2007,170000
OneFam,Y,1779,0,1,3,2006,170000
OneFam,Y,1160,0,1,3,2008,152500
OneFam,Y,894,0,1,2,2008,81000
OneFam,Y,1636,971,3,3,2007,200500
OneFam,Y,2726,0,2,2,2007,315000
OneFam,Y,1528,1862,3,5,2006,545224
OneFam,Y,1128,0,1,3,2007,154204
OneFam,Y,2000,0,2,3,2006,470000
OneFam,Y,1256,0,2,3,2008,180000
OneFam,Y,1900,548,3,3,2006,277500
OneFam,Y,1675,1818,3,3,2008,295000
OneFam,Y,1465,915,2,3,2007,129000
OneFam,Y,1324,0,2,3,2010,199500
OneFam,Y,2064,0,2,3,2008,235000
OneFam,Y,1052,558,2,4,2010,124000
OneFam,Y,790,784,2,3,2006,190000
OneFam,Y,1287,604,3,3,2010,212500
Duplex,Y,1361,1259,2,4,2007,190000
OneFam,Y,864,0,1,2,2010,141000
OneFam,Y,1338,0,1,2,2009,156500
OneFam,Y,1382,0,1,3,2009,176000
OneFam,Y,1392,1070,2,4,2006,320000
OneFam,Y,1430,0,2,3,2008,192000
OneFam,Y,1271,1232,2,3,2007,300000
OneFam,Y,1518,0,1,2,2008,260000
OneFam,Y,896,756,2,3,2010,203135
OneFam,Y,1575,626,2,4,2006,274970
OneFam,Y,1836,1836,3,5,2006,415000
OneFam,Y,2207,0,2,3,2010,180000
OneFam,Y,1337,672,2,4,2006,235000
OneFam,Y,2279,0,2,4,2007,257000
OneFam,Y,1224,0,1,4,2006,131000
OneFam,Y,1483,0,1,1,2010,270000
OneFam,Y,1743,0,0,0,2007,279000
OneFam,Y,1524,0,2,3,2008,245000
OneFam,Y,1830,0,1,2,2006,278000
OneFam,Y,1848,880,2,4,2006,437154
OneFam,Y,1236,857,2,3,2008,215000
OneFam,Y,1696,0,2,3,2007,198000
OneFam,Y,2156,0,2,3,2006,262500
OneFam,Y,2097,0,1,1,2006,423000
OneFam,Y,2259,0,2,3,2007,217000
OneFam,Y,1308,1778,3,4,2007,301600
OneFam,Y,720,551,2,4,2008,135000
OneFam,Y,2039,0,1,3,2006,167000
OneFam,Y,1640,0,1,3,2006,131000
OneFam,Y,1072,504,1,3,2009,223500
OneFam,Y,988,0,1,1,2006,180000
OneFam,Y,1065,984,2,4,2006,210900
OneFam,Y,2444,1872,3,4,2007,755000
OneFam,Y,1488,0,2,3,2007,215000
OneFam,Y,1680,0,2,3,2009,222000
OneFam,Y,1771,0,1,3,2009,115000
OneFam,Y,988,0,1,2,2008,113000
OneFam,N,810,0,1,1,2009,57625
OneFam,Y,1163,511,2,4,2008,185000
OneFam,Y,940,610,1,3,2006,195000
OneFam,Y,729,717,2,3,2008,175000
OneFam,Y,734,1104,2,4,2006,192140
OneFam,Y,1652,0,1,3,2007,200000
OneFam,N,1370,1254,2,4,2007,239000
OneFam,Y,1630,0,2,3,2007,130000
OneFam,Y,1518,1518,2,4,2006,475000
OneFam,Y,887,1134,2,3,2006,274725
OneFam,Y,1508,1012,2,5,2009,409900
OneFam,Y,1625,0,2,3,2006,242500
OneFam,Y,1332,192,0,0,2010,260000
OneFam,Y,2032,0,3,3,2008,300000
OneFam,Y,1105,717,2,4,2007,228500
OneFam,Y,1207,1196,2,4,2010,244400
OneFam,Y,1599,1345,2,3,2008,150000
OneFam,Y,892,783,2,3,2009,181000
Duplex,Y,1632,0,2,4,2007,143000
OneFam,Y,1473,0,1,1,2009,143000
OneFam,Y,1040,0,1,3,2007,132250
OneFam,Y,1416,0,2,3,2007,112000
OneFam,Y,1360,1360,2,4,2006,235000
OneFam,Y,1560,0,1,3,2007,201000
OneFam,Y,1898,0,2,3,2008,236500
OneFam,Y,1188,0,1,3,2010,157900
OneFam,Y,1238,1281,2,4,2006,335000
OneFam,Y,1288,728,1,4,2009,131000
OneFam,Y,2069,0,2,4,2008,242000
OneFam,N,1608,0,1,3,2007,80000
OneFam,Y,1160,966,2,3,2009,185000
OneFam,Y,979,871,2,3,2009,248000
OneFam,Y,1474,0,1,3,2008,115000
OneFam,Y,1600,0,1,3,2006,81500
OneFam,Y,1656,0,1,3,2010,215000
OneFam,Y,2515,0,3,4,2007,200624
OneFam,Y,1611,875,2,5,2006,220000
OneFam,Y,1676,0,1,3,2007,196000
OneFam,Y,1572,0,1,3,2007,186700
OneFam,Y,1831,1796,3,4,2006,625000
OneFam,Y,1582,0,2,4,2006,190000
OneFam,Y,1363,0,1,2,2008,241500
OneFam,Y,5095,0,2,2,2007,183850
OneFam,Y,1390,0,1,1,2006,252000
OneFam,Y,3138,1538,3,3,2007,184750
OneFam,Y,2034,0,1,2,2007,130000
OneFam,Y,1307,1051,3,5,2008,240000
OneFam,Y,1686,762,2,4,2009,402000
OneFam,Y,3820,0,3,5,2008,284700
OneFam,Y,1488,0,2,3,2008,133000
OneFam,Y,1650,0,1,2,2006,250764
OneFam,Y,1842,0,0,0,2006,385000
OneFam,Y,2338,0,2,4,2007,591587
OneFam,Y,1079,874,2,3,2007,240000
OneFam,Y,1663,0,1,2,2008,256000
OneFam,Y,1690,1589,3,4,2010,538000
OneFam,Y,1150,686,2,4,2008,103000
OneFam,Y,1687,0,1,3,2010,160000
OneFam,Y,4692,950,2,3,2008,160000
OneFam,Y,1533,0,2,2,2006,280000
OneFam,Y,1824,0,2,2,2007,302000
OneFam,Y,1444,700,2,4,2007,277000
OneFam,Y,2036,0,2,3,2009,375000