# Load affair dataset,,,,,,,,
#,,,,,,,,
# Source:,,,,,,,,
# Article: https://fairmodel.econ.yale.edu/rayfair/pdf/1978a.PDF,,,,,,,,
"# A theory of Extramarital Affairs, Ray C. Fair",,,,,,,,
#,,,,,,,,
# Data:,,,,,,,,
# https://fairmodel.econ.yale.edu/rayfair/pdf/1978ADAT.TXT,,,,,,,,
,,,,,,,,
code,occupation,occupation education,,,,,,
1,"Higher executive, major professional",Post college,,,,,,
2,"Business manager, etc.",college graduated,,,,,,
3,Administrative personnel,part college or post high school training,,,,,,
4,"Clerical and sales, technicians",High school graduate,,,,,,
5,Skilled manual,Part high school,,,,,,
6,"Machine operators, semi-skilled workers",Part high school,,,,,,
7,Unskilled,Part high school,,,,,,
8,Never employed,NA,,,,,,
,,,,,,,,
,,,,,,,,
gender,how many years has the person been married?,children,religiousness (5 is very and 1 is anti),years of education,occupation category group,happyness in married 5 is v happy and 1 is v unhappy,age decade,has they had an affair?
male,10 years,no,3,18,7,4,30,0
female,4 years,no,4,14,6,4,20,0
female,15 years,yes,1,12,1,4,30,0
male,15 years,yes,5,18,6,5,50,0
male,0.75 years,no,2,17,6,3,20,0
female,1.5 years,no,2,17,5,5,30,0
female,0.75 years,no,2,12,1,3,20,0
male,15 years,yes,2,14,4,4,50,0
female,15 years,yes,4,16,1,2,30,0
male,1.5 years,no,4,14,4,5,20,0
male,15 years,yes,2,20,7,2,30,0
male,4 years,yes,4,18,6,4,20,0
male,15 years,yes,5,17,6,4,40,0
female,1.5 years,no,2,17,5,4,20,0
female,4 years,no,4,14,5,4,20,0
female,15 years,yes,1,17,5,5,30,0
female,15 years,yes,2,18,4,3,30,0
female,0.75 years,no,3,16,5,4,20,0
female,1.5 years,no,2,16,5,5,20,0
female,10 years,yes,2,14,1,5,20,0
female,1.5 years,no,2,16,5,5,20,0
female,1.5 years,no,2,16,5,5,20,0
female,10 years,yes,4,16,5,4,20,0
female,10 years,yes,3,14,1,5,30,0
male,4 years,yes,2,20,6,4,30,0
female,1.5 years,no,2,18,5,5,20,0
female,7 years,no,4,16,1,5,20,0
male,15 years,yes,5,20,6,4,40,0
male,4 years,yes,3,16,5,5,20,0
female,4 years,yes,3,17,5,4,20,0
male,15 years,yes,4,20,6,3,40,0
female,1.5 years,no,3,16,5,5,20,0
male,0.417 years,no,4,17,6,4,20,0
female,15 years,yes,5,14,5,4,40,0
male,4 years,yes,1,18,6,4,30,0
female,1.5 years,no,4,16,5,3,20,0
female,15 years,yes,3,12,1,4,40,0
female,4 years,no,4,17,5,5,20,0
male,1.5 years,yes,1,14,3,5,20,0
female,0.75 years,no,3,16,1,5,20,0
male,10 years,yes,5,20,6,5,30,0
male,15 years,yes,5,18,6,3,50,0
female,0.417 years,no,5,14,1,4,20,0
female,4 years,yes,2,18,6,1,20,0
female,7 years,yes,5,17,5,3,30,0
male,4 years,no,3,16,5,5,20,0
female,7 years,yes,4,18,6,5,20,0
female,15 years,yes,2,18,5,4,40,0
male,1.5 years,yes,4,16,3,5,20,0
male,15 years,yes,2,20,6,4,40,0
female,0.75 years,no,5,14,3,5,20,0
male,7 years,yes,2,20,6,4,30,0
male,4 years,yes,5,20,6,5,20,0
male,10 years,yes,4,20,6,4,20,0
male,4 years,no,1,18,5,5,20,0
female,15 years,yes,4,14,3,1,30,0
male,1.5 years,yes,5,16,4,4,20,0
female,15 years,yes,4,17,1,5,30,0
female,0.75 years,no,4,17,5,4,20,0
male,10 years,yes,4,20,6,4,30,0
female,15 years,yes,5,14,7,2,40,0
male,10 years,yes,3,20,6,4,30,0
female,0.75 years,no,2,16,5,5,20,0
male,4 years,no,2,18,4,5,20,0
male,7 years,no,4,20,6,4,30,0
male,15 years,yes,2,17,3,5,40,0
male,10 years,yes,4,20,6,4,30,0
female,15 years,yes,3,17,6,5,40,0
female,1.5 years,no,5,16,5,5,20,0
female,1.5 years,no,2,16,6,4,20,0
female,4 years,no,3,17,5,5,20,0
female,10 years,yes,5,14,4,5,30,0
female,0.125 years,no,2,12,5,5,20,0
male,15 years,yes,4,14,4,3,40,0
male,15 years,yes,1,14,5,5,30,0
male,7 years,yes,4,16,5,5,20,0
female,1.5 years,yes,3,16,5,5,20,0
male,4 years,yes,3,17,6,5,20,0
female,1.5 years,no,3,16,5,5,20,0
male,15 years,yes,2,14,7,2,50,0
male,1.5 years,yes,3,18,6,5,10,0
male,15 years,yes,4,20,6,5,50,0
female,0.75 years,no,2,16,3,4,20,0
male,4 years,no,4,17,3,3,40,0
female,1.5 years,yes,4,12,1,5,20,0
female,0.417 years,no,1,17,6,4,20,0
female,15 years,yes,4,17,5,5,30,0
female,1.5 years,no,3,18,5,2,20,0
female,1.5 years,yes,3,14,1,5,20,0
female,15 years,yes,3,14,1,4,30,0
female,15 years,yes,4,14,3,4,30,0
male,10 years,yes,2,14,5,3,30,0
male,10 years,yes,4,16,5,4,30,0
male,15 years,yes,5,20,5,3,50,0
male,0.417 years,no,1,16,3,4,20,0
female,15 years,yes,5,14,1,5,40,0
male,15 years,yes,3,16,6,1,50,0
male,10 years,yes,1,16,6,4,30,0
male,15 years,yes,3,17,5,5,30,0
male,15 years,yes,4,20,6,5,30,0
female,10 years,yes,5,14,1,5,20,0
male,10 years,yes,2,18,6,4,30,0
female,0.125 years,no,4,12,4,5,20,0
male,15 years,yes,5,20,6,5,50,0
female,15 years,yes,4,18,6,4,30,0
male,4 years,yes,4,14,6,4,20,0
male,7 years,yes,4,18,5,4,20,0
male,15 years,yes,4,20,5,4,50,0
male,15 years,yes,3,14,6,3,30,0
female,1.5 years,no,2,14,5,4,20,0
female,7 years,yes,4,17,1,5,30,0
female,15 years,yes,4,17,6,5,30,0
female,1.5 years,no,5,18,5,5,30,0
male,10 years,yes,5,20,7,4,40,0
female,7 years,no,3,16,5,4,20,0
male,15 years,no,4,20,6,5,30,0
male,15 years,yes,4,14,3,2,30,0
male,10 years,no,5,18,6,4,30,0
female,0.75 years,no,4,16,1,5,20,0
female,7 years,yes,4,12,2,4,20,0
female,7 years,yes,2,16,2,5,20,0
female,15 years,yes,5,18,5,4,40,0
male,15 years,yes,4,17,5,3,40,0
female,7 years,yes,2,16,1,2,20,0
female,1.5 years,no,3,16,5,5,20,0
male,15 years,yes,5,20,6,5,30,0
female,0.125 years,no,2,14,4,5,20,0
male,1.5 years,no,4,16,5,5,20,0
male,1.5 years,no,2,18,6,5,30,0
male,1.5 years,no,2,17,6,5,20,0
female,10 years,yes,4,16,1,3,20,0
male,15 years,yes,4,18,6,5,40,0
female,1.5 years,no,2,16,6,5,20,0
male,4 years,no,2,18,6,3,20,0
female,10 years,yes,3,14,5,3,30,0
female,15 years,yes,3,18,5,4,30,0
female,0.75 years,no,2,18,6,5,20,0
female,15 years,yes,2,16,1,4,30,0
male,4 years,yes,4,20,5,5,20,0
male,4 years,no,1,20,5,4,20,0
female,10 years,yes,2,12,1,4,20,0
female,15 years,yes,5,18,6,4,30,0
male,7 years,yes,5,12,5,3,20,0
male,15 years,yes,2,18,5,4,50,0
male,4 years,no,3,20,6,3,20,0
male,4 years,yes,1,18,5,4,30,0
male,4 years,yes,4,14,5,4,20,0
female,15 years,yes,5,12,1,3,50,0
female,15 years,yes,4,16,6,4,50,0
male,7 years,yes,1,16,5,4,20,0
male,7 years,yes,4,20,6,3,30,0
male,0.75 years,no,2,14,4,3,20,0
male,4 years,yes,2,18,5,3,30,0
male,15 years,yes,4,20,6,3,30,0
male,0.75 years,yes,2,14,4,3,20,0
male,15 years,yes,4,20,6,3,40,0
female,15 years,yes,5,17,1,1,50,0
female,15 years,yes,4,14,1,2,30,0
male,7 years,yes,4,14,5,3,20,0
male,4 years,yes,2,16,5,5,30,0
female,4 years,yes,2,18,6,5,20,0
female,4 years,yes,2,18,5,5,20,0
male,15 years,yes,5,18,6,5,30,0
female,15 years,yes,5,12,5,4,40,0
female,10 years,yes,3,17,1,4,30,0
female,1.5 years,yes,4,17,1,2,20,0
female,15 years,yes,2,18,5,2,50,0
female,1.5 years,no,4,14,5,4,20,0
male,15 years,yes,3,14,3,4,40,0
male,15 years,yes,4,9,2,2,50,0
male,15 years,yes,4,20,6,5,50,0
female,0.125 years,no,4,14,4,5,20,0
female,10 years,yes,4,14,1,5,30,0
female,15 years,yes,3,18,5,4,40,0
female,1.5 years,no,2,18,6,5,20,0
male,0.125 years,yes,2,18,5,2,30,0
female,4 years,no,3,16,5,4,20,0
female,10 years,yes,2,16,1,4,20,0
female,7 years,yes,4,16,1,3,30,0
female,15 years,yes,4,14,5,4,30,0
female,15 years,yes,5,17,6,2,40,0
male,1.5 years,yes,4,14,6,5,30,0
female,4 years,yes,3,17,5,3,30,0
female,7 years,no,4,18,5,5,30,0
female,0.417 years,yes,3,14,3,5,20,0
female,7 years,yes,4,14,1,5,20,0
male,0.75 years,no,3,16,5,5,20,0
male,4 years,yes,2,20,5,5,20,0
male,10 years,yes,4,16,4,5,30,0
male,15 years,yes,1,14,5,5,30,0
male,0.75 years,no,3,17,4,5,20,0
female,7 years,yes,4,17,1,4,20,0
male,0.417 years,yes,4,20,5,4,20,0
male,15 years,yes,4,20,5,4,30,0
female,15 years,yes,2,14,1,3,30,0
male,4 years,yes,1,18,5,4,20,0
male,15 years,yes,4,17,5,3,30,0
female,1.5 years,no,2,14,4,5,20,0
male,15 years,yes,4,14,6,2,50,0
female,1.5 years,no,4,17,5,5,20,0
male,4 years,yes,5,14,3,5,30,0
male,4 years,yes,2,14,3,5,30,0
female,1.5 years,no,3,16,6,5,20,0
male,0.75 years,no,2,18,3,3,20,0
female,7 years,yes,2,14,5,2,20,0
female,0.75 years,no,2,17,5,3,20,0
female,15 years,yes,4,12,1,2,30,0
female,1.5 years,no,1,14,1,5,20,0
female,10 years,no,2,12,4,4,30,0
female,15 years,yes,4,18,5,3,30,0
female,15 years,yes,3,12,3,3,40,0
male,4 years,no,2,18,5,5,20,0
male,7 years,yes,2,20,6,2,50,0
male,0.75 years,no,2,17,5,5,20,0
female,4 years,no,2,17,4,5,20,0
male,1.5 years,no,5,20,6,5,40,0
male,1.5 years,no,4,17,6,5,20,0
male,4 years,no,4,17,5,3,20,0
female,4 years,yes,1,14,5,4,20,0
male,15 years,yes,5,20,4,5,30,0
female,10 years,yes,3,16,6,3,30,0
male,15 years,yes,4,17,6,5,40,0
female,15 years,yes,4,17,5,5,40,0
male,1.5 years,no,4,16,5,4,20,0
female,10 years,yes,3,12,1,4,30,0
female,7 years,yes,1,14,3,5,20,0
female,10 years,yes,4,17,5,4,30,0
male,1.5 years,yes,2,16,2,4,20,0
male,15 years,yes,4,14,5,5,30,0
male,4 years,yes,3,14,4,5,40,0
female,15 years,yes,5,14,5,4,30,0
female,7 years,yes,4,17,5,5,30,0
female,15 years,yes,4,18,6,5,40,0
male,4 years,no,4,18,6,4,20,0
male,0.75 years,no,4,18,6,5,20,0
male,4 years,yes,4,14,5,3,20,0
female,0.75 years,no,5,18,1,5,20,0
female,15 years,yes,5,9,5,5,50,0
male,10 years,yes,3,14,5,5,30,0
female,15 years,yes,4,16,4,4,30,0
male,7 years,yes,2,20,5,4,30,0
female,15 years,yes,3,18,1,4,40,0
male,15 years,yes,1,16,5,5,30,0
male,4 years,yes,3,18,5,5,20,0
female,15 years,yes,4,12,3,4,30,0
male,0.75 years,yes,3,14,2,4,20,0
female,1.5 years,no,3,16,5,3,20,0
female,15 years,yes,4,14,3,5,40,0
female,15 years,yes,3,16,5,4,50,0
male,15 years,yes,5,20,6,4,30,0
female,15 years,yes,4,12,2,3,40,0
male,15 years,yes,2,20,6,4,50,0
male,7 years,yes,4,17,5,5,30,0
female,7 years,yes,4,17,1,4,20,0
male,1.5 years,no,1,18,6,5,20,0
female,4 years,yes,3,9,1,4,20,0
female,1.5 years,no,2,14,1,5,20,0
male,15 years,yes,2,20,6,4,40,0
male,15 years,yes,4,9,2,4,50,0
female,7 years,yes,2,18,1,5,20,0
female,4 years,yes,3,14,1,5,20,0
male,15 years,yes,4,14,5,3,30,0
male,7 years,yes,1,18,6,4,30,0
female,1.5 years,no,2,14,5,5,20,0
female,1.5 years,yes,3,12,1,3,20,0
male,15 years,yes,2,14,5,5,50,0
female,15 years,yes,2,14,1,1,30,0
female,10 years,yes,2,14,5,5,30,0
male,15 years,yes,4,20,4,5,40,0
female,4 years,yes,3,18,4,5,20,0
male,15 years,yes,4,20,6,5,30,0
male,1.5 years,no,3,18,5,5,20,0
female,0.125 years,no,2,16,6,3,20,0
male,10 years,yes,2,20,6,3,30,0
female,4 years,no,4,18,5,4,20,0
female,7 years,yes,2,12,5,1,20,0
male,4 years,yes,5,18,6,3,30,0
female,15 years,yes,2,17,5,5,30,0
male,15 years,no,4,20,6,4,40,0
male,1.5 years,no,1,18,5,5,20,0
male,15 years,yes,4,20,6,4,30,0
female,15 years,yes,4,18,1,4,30,0
female,7 years,yes,4,17,5,4,30,0
female,15 years,yes,3,14,1,3,40,0
female,7 years,yes,3,16,1,4,20,0
male,1.5 years,no,3,16,4,2,20,0
male,1.5 years,no,3,16,3,5,20,0
male,4 years,yes,3,16,4,2,20,0
female,7 years,yes,3,12,1,2,20,0
female,15 years,yes,2,18,5,4,30,0
female,7 years,yes,3,14,4,4,30,0
male,1.5 years,no,2,16,5,5,20,0
male,15 years,yes,5,20,5,4,30,0
female,1.5 years,no,4,16,5,3,20,0
female,10 years,yes,4,16,1,5,30,0
male,4 years,no,2,17,5,3,20,0
female,0.417 years,no,4,14,5,5,20,0
female,4 years,no,2,18,5,5,20,0
male,15 years,yes,4,18,5,3,30,0
male,10 years,yes,5,20,7,4,30,0
female,7 years,yes,2,14,4,2,20,0
male,4 years,yes,2,16,5,5,30,0
male,4 years,yes,2,16,6,4,30,0
male,1.5 years,no,3,18,4,5,20,0
female,4 years,yes,4,14,3,4,20,0
female,0.75 years,no,2,18,5,4,10,0
male,10 years,yes,4,20,4,5,30,0
female,0.75 years,no,5,14,3,3,30,0
male,15 years,yes,4,17,5,3,30,0
male,4 years,no,3,14,4,5,30,0
female,1.5 years,no,2,17,3,2,20,0
female,7 years,yes,4,14,1,5,20,0
male,15 years,yes,5,14,6,5,40,0
male,4 years,yes,1,16,4,4,20,0
female,15 years,yes,5,14,1,3,30,0
male,4 years,yes,4,18,5,5,40,0
female,4 years,yes,2,14,1,5,30,0
male,15 years,yes,2,14,7,4,50,0
female,1.5 years,no,2,16,1,4,20,0
male,15 years,yes,4,12,2,4,50,0
female,0.417 years,no,3,17,1,5,20,0
female,1.5 years,no,2,16,5,5,20,0
male,4 years,yes,4,20,6,4,20,0
female,15 years,yes,4,14,1,5,30,0
female,1.5 years,no,2,16,3,5,20,0
male,4 years,no,1,20,6,5,30,0
male,15 years,yes,3,20,6,4,30,0
female,10 years,no,2,16,6,5,30,0
female,10 years,yes,5,14,5,5,30,0
male,1.5 years,yes,4,18,5,3,30,0
male,1.5 years,no,2,18,4,4,30,0
female,10 years,yes,4,14,1,4,30,0
female,15 years,yes,4,18,5,4,40,0
female,10 years,yes,5,12,1,5,20,0
male,4 years,yes,3,16,4,5,20,0
female,15 years,yes,4,12,4,2,30,0
female,0.75 years,no,4,16,5,5,20,0
female,15 years,yes,4,16,1,5,30,0
female,15 years,yes,3,16,1,5,30,0
female,10 years,yes,2,16,1,5,20,0
male,7 years,no,2,20,6,5,20,0
female,15 years,yes,2,14,1,3,30,0
male,1.5 years,yes,2,17,4,4,20,0
female,0.75 years,yes,2,14,1,5,20,0
male,4 years,yes,4,14,2,4,20,0
male,0.125 years,no,4,17,6,4,40,0
male,1.5 years,yes,4,18,6,5,20,0
male,7 years,yes,3,16,6,3,20,0
female,15 years,yes,4,14,1,3,50,0
male,1.5 years,no,5,20,5,2,20,0
female,1.5 years,no,2,16,5,5,20,0
female,1.5 years,no,3,17,5,5,20,0
male,0.125 years,no,5,16,4,4,20,0
female,4 years,yes,4,16,1,5,20,0
female,4 years,yes,4,12,1,5,20,0
female,15 years,yes,2,14,5,5,40,0
female,15 years,yes,3,14,5,3,30,0
male,7 years,yes,2,16,5,5,40,0
male,0.75 years,no,4,16,6,4,20,0
male,0.125 years,no,3,20,6,5,20,0
male,10 years,yes,3,20,6,5,30,0
female,0.417 years,no,5,14,4,5,20,0
female,15 years,yes,5,14,1,4,40,0
female,10 years,yes,3,14,1,5,30,0
male,15 years,yes,4,17,5,5,50,0
male,4 years,yes,3,20,6,5,20,0
female,7 years,yes,4,17,1,5,30,0
female,10 years,yes,4,16,1,5,30,0
female,10 years,yes,1,18,1,4,30,0
female,4 years,no,3,14,1,4,20,0
female,7 years,yes,4,14,3,2,20,0
male,15 years,yes,5,18,5,2,50,0
male,7 years,yes,2,18,5,5,30,0
female,1.5 years,no,4,17,1,3,20,0
male,1.5 years,no,4,14,5,5,20,0
female,1.5 years,yes,4,14,5,4,20,0
female,7 years,yes,3,16,1,5,30,0
female,15 years,yes,3,16,5,4,40,0
female,0.75 years,no,3,16,1,5,20,0
female,1.5 years,yes,2,14,5,5,20,0
female,4 years,yes,1,16,5,5,20,0
male,15 years,yes,4,16,5,5,50,0
male,10 years,yes,4,20,6,5,30,0
male,15 years,yes,4,16,6,4,40,0
female,7 years,yes,2,14,1,2,20,0
female,1.5 years,no,4,14,4,5,20,0
female,10 years,yes,2,16,5,4,30,0
female,0.75 years,no,2,16,5,4,20,0
female,1.5 years,no,2,16,5,5,20,0
female,15 years,yes,3,18,6,4,40,0
female,7 years,yes,5,14,4,5,20,0
male,15 years,yes,4,16,4,4,40,0
female,15 years,yes,3,18,5,2,50,0
male,15 years,yes,3,18,6,2,40,0
female,7 years,yes,2,14,1,2,30,0
male,4 years,no,5,12,4,5,20,0
female,1.5 years,no,1,16,6,5,20,0
female,0.75 years,no,1,14,4,5,20,0
female,15 years,yes,4,12,1,5,30,0
male,1.5 years,no,2,18,5,3,20,0
male,4 years,yes,5,17,2,5,20,0
female,4 years,yes,4,12,1,5,20,0
male,15 years,yes,5,18,5,4,40,0
male,1.5 years,no,2,20,7,3,30,0
male,15 years,no,4,9,3,1,50,0
male,7 years,no,4,18,5,5,30,0
male,15 years,yes,2,17,5,4,50,0
male,15 years,yes,4,17,6,5,40,0
female,7 years,no,2,17,5,4,20,0
female,7 years,yes,4,14,5,5,20,0
female,4 years,no,2,14,3,3,20,0
male,7 years,yes,2,20,6,5,30,0
male,7 years,no,4,12,4,3,20,0
male,10 years,yes,4,18,6,4,40,0
female,1.5 years,no,3,14,1,5,20,0
female,4 years,yes,2,14,1,3,20,0
female,15 years,no,4,20,6,5,50,0
male,15 years,yes,4,14,4,3,30,0
female,7 years,yes,3,18,5,5,20,0
female,10 years,no,4,14,4,5,10,0
male,4 years,yes,4,16,5,5,20,0
female,4 years,yes,2,16,1,4,20,0
female,15 years,yes,2,14,5,1,30,0
female,1.5 years,no,5,14,1,4,20,0
male,7 years,yes,2,20,5,4,20,0
male,4 years,yes,4,14,5,5,20,0
male,0.125 years,no,1,16,3,5,20,0
female,7 years,yes,4,14,1,4,20,0
female,15 years,yes,5,16,5,3,30,0
male,10 years,yes,4,18,5,4,30,0
female,15 years,yes,2,14,3,4,30,0
female,1.5 years,no,3,17,5,5,20,0
male,4 years,yes,4,17,4,4,20,0
female,15 years,yes,5,14,1,5,50,0
female,7 years,yes,2,12,1,2,20,0
female,7 years,yes,3,12,1,4,20,0
female,15 years,yes,2,14,1,4,40,0
female,15 years,yes,4,14,5,4,40,0
male,7 years,yes,4,14,3,3,20,0
male,7 years,yes,2,20,6,2,20,0
female,15 years,yes,3,12,3,3,40,0
male,4 years,yes,3,16,3,5,20,0
female,7 years,yes,3,14,1,4,20,0
female,1.5 years,no,2,14,4,5,20,0
female,4 years,yes,4,14,1,4,20,0
female,4 years,no,4,14,5,5,20,0
female,1.5 years,no,2,16,4,5,20,0
male,15 years,no,4,14,5,4,40,0
male,10 years,yes,2,18,6,2,30,0
male,15 years,yes,3,17,5,4,30,0
female,4 years,yes,2,16,1,4,20,0
male,1.5 years,no,3,18,4,4,20,1
female,4 years,yes,3,17,1,5,20,1
male,15 years,yes,5,18,6,2,30,1
female,10 years,yes,3,17,5,2,30,1
male,0.125 years,no,4,16,5,5,20,1
female,1.5 years,yes,2,14,1,5,20,1
male,15 years,yes,4,14,5,2,30,1
female,1.5 years,no,2,14,3,4,20,1
male,15 years,yes,2,18,6,4,30,1
female,15 years,yes,4,12,3,2,30,1
female,15 years,yes,4,14,4,2,30,1
female,15 years,yes,3,17,1,4,40,1
female,15 years,yes,5,9,4,1,40,1
male,10 years,yes,2,20,6,2,30,1
female,15 years,yes,3,14,1,2,30,1
male,4 years,no,1,18,6,5,20,1
male,10 years,yes,2,18,7,3,30,1
female,4 years,no,3,17,5,5,20,1
male,15 years,yes,4,16,5,5,40,1
female,15 years,yes,5,14,4,5,40,1
female,4 years,yes,3,18,5,4,20,1
female,7 years,yes,5,14,1,4,20,1
male,1.5 years,yes,3,17,5,4,20,1
female,7 years,yes,4,14,6,2,20,1
female,15 years,yes,4,16,5,4,40,1
female,10 years,yes,4,12,7,3,20,1
male,1.5 years,no,2,18,5,2,20,1
male,4 years,no,4,20,6,4,30,1
female,7 years,yes,3,14,1,3,20,1
female,10 years,yes,4,14,1,4,30,1
male,4 years,yes,2,18,7,2,20,1
female,0.75 years,no,5,14,4,5,10,1
female,10 years,yes,4,18,1,5,30,1
female,7 years,yes,2,17,6,4,30,1
male,15 years,yes,2,20,6,4,30,1
female,10 years,no,1,20,5,3,30,1
female,10 years,yes,2,16,5,5,30,1
male,15 years,yes,2,20,6,4,50,1
female,15 years,yes,1,12,1,3,40,1
male,15 years,yes,2,20,6,3,50,1
male,15 years,yes,3,18,6,5,30,1
female,4 years,no,3,12,3,4,20,1
male,7 years,yes,1,18,6,2,20,1
male,4 years,yes,3,18,5,5,20,1
male,15 years,yes,4,17,6,5,40,1
female,15 years,yes,4,12,1,1,40,1
male,4 years,no,3,14,3,4,20,1
female,7 years,yes,4,18,4,5,30,1
male,0.417 years,yes,3,12,3,4,30,1
male,15 years,yes,5,16,5,4,40,1
male,15 years,yes,2,20,5,4,30,1
male,4 years,yes,2,17,6,4,20,1
male,4 years,no,2,14,4,5,20,1
female,15 years,yes,5,16,1,3,50,1
male,4 years,no,3,14,3,3,20,1
female,10 years,yes,4,16,1,4,20,1
male,7 years,yes,3,14,7,4,30,1
male,7 years,yes,2,18,4,1,30,1
male,1.5 years,no,1,14,3,2,20,1
male,4 years,yes,3,18,6,4,20,1
male,15 years,yes,4,20,6,4,40,1
female,15 years,yes,1,18,5,4,50,1
female,4 years,yes,3,18,5,2,30,1
male,4 years,yes,1,16,4,4,20,1
male,7 years,yes,4,16,1,4,30,1
male,15 years,yes,1,17,4,4,50,1
female,15 years,yes,4,14,5,2,40,1
male,10 years,yes,1,18,5,3,30,1
male,15 years,yes,3,17,6,1,40,1
female,15 years,yes,3,14,4,4,50,1
female,7 years,yes,3,17,5,3,20,1
male,7 years,yes,2,12,4,2,30,1
male,4 years,no,4,14,2,5,20,1
male,7 years,yes,3,18,6,4,20,1
female,15 years,yes,1,18,5,5,30,1
female,15 years,yes,3,17,1,3,30,1
female,7 years,no,2,17,5,5,20,1
female,7 years,yes,3,17,5,3,30,1
male,1.5 years,yes,2,14,2,4,30,1
female,15 years,yes,4,14,1,2,40,1
male,10 years,yes,3,14,5,4,30,1
male,4 years,yes,1,20,6,3,30,1
female,4 years,yes,2,16,5,3,20,1
female,15 years,yes,3,14,4,3,40,1
male,10 years,yes,5,20,6,5,20,1
male,10 years,yes,2,20,6,2,30,1
female,7 years,yes,1,14,3,3,20,1
female,7 years,yes,4,12,1,2,20,1
male,10 years,yes,2,14,4,4,30,1
female,0.75 years,yes,2,12,1,3,10,1
female,15 years,yes,3,18,5,4,30,1
female,7 years,no,4,14,4,3,20,1
male,7 years,yes,4,20,6,5,30,1
male,4 years,yes,2,18,6,2,20,1
female,1.5 years,yes,5,14,5,3,20,1
female,15 years,no,3,17,5,1,30,1
female,15 years,yes,2,12,1,2,40,1
male,15 years,yes,3,20,5,4,40,1
male,10 years,no,2,18,4,2,30,1
female,15 years,yes,3,9,1,1,30,1
male,15 years,yes,5,20,4,5,50,1
male,15 years,yes,4,20,6,4,40,1
female,15 years,yes,2,17,6,3,40,1
male,15 years,yes,3,17,6,3,30,1
male,15 years,yes,5,17,5,2,30,1
male,10 years,yes,2,20,6,4,20,1
male,15 years,yes,2,16,5,4,30,1
female,15 years,yes,1,14,5,2,30,1
male,10 years,yes,3,17,6,3,30,1
male,15 years,yes,4,18,5,1,30,1
female,1.5 years,no,2,17,5,5,20,1
female,15 years,yes,2,17,5,2,40,1
male,15 years,yes,2,17,5,4,30,1
female,4 years,no,2,14,5,5,20,1
female,10 years,yes,4,14,1,5,20,1
female,4 years,yes,3,16,1,3,20,1
male,7 years,no,4,16,5,5,50,1
female,4 years,yes,1,16,3,5,20,1
female,15 years,yes,2,17,6,4,30,1
female,4 years,no,1,17,3,1,20,1
female,0.75 years,yes,2,12,3,5,10,1
female,15 years,yes,5,18,5,4,30,1
female,4 years,no,1,16,3,5,20,1
male,4 years,yes,4,18,6,4,30,1
female,1.5 years,yes,3,18,5,2,20,1
female,15 years,yes,2,17,5,4,40,1
male,7 years,yes,4,16,4,4,30,1
male,15 years,no,3,14,6,2,30,1
male,15 years,yes,3,16,6,3,40,1
male,4 years,yes,1,18,5,4,20,1
male,15 years,yes,4,20,7,3,30,1
male,15 years,yes,3,20,6,4,30,1
male,1.5 years,no,2,12,3,3,20,1
male,4 years,yes,3,20,6,2,30,1
male,15 years,yes,5,20,6,5,30,1
female,15 years,yes,1,18,5,5,50,1
male,15 years,no,1,18,6,5,40,1
female,15 years,yes,4,16,4,4,30,1
female,15 years,yes,3,14,3,2,30,1
female,7 years,yes,4,16,1,2,20,1
male,15 years,yes,3,18,6,2,40,1
female,15 years,yes,2,14,3,2,40,1
male,7 years,yes,2,17,5,4,20,1
male,10 years,yes,4,14,4,3,30,1
male,15 years,yes,3,16,4,2,40,1
male,1.5 years,yes,1,12,2,5,20,1
female,10 years,yes,2,18,5,4,30,1
male,10 years,yes,2,17,6,5,30,1
male,7 years,yes,3,18,6,2,20,1
female,15 years,yes,3,14,1,5,30,1