{
	"@metadata": {
		"authors": [
			"Meno25",
			"Test Create account",
			"아라",
			"Diyariq",
			"محمد أحمد عبد الفتاح",
			"Moud hosny",
			"ديفيد",
			"Samir",
			"Mido",
			"DonAdnan"
		]
	},
	"VARIABLES_DEFAULT_NAME": "البند",
	"TODAY": "اليوم",
	"DUPLICATE_BLOCK": "مكرر",
	"ADD_COMMENT": "أضف تعليقًا",
	"REMOVE_COMMENT": "أزل التعليق",
	"DUPLICATE_COMMENT": "تعليق مكرر",
	"EXTERNAL_INPUTS": "ادخال خارجي",
	"INLINE_INPUTS": "ادخال خطي",
	"DELETE_BLOCK": "احذف القطعة",
	"DELETE_X_BLOCKS": "احذف %1 قطع",
	"DELETE_ALL_BLOCKS": "حذف %1 قطعة؟",
	"CLEAN_UP": "ترتيب القطع",
	"COLLAPSE_BLOCK": "إخفاء القطعة",
	"COLLAPSE_ALL": "إخفاء القطع",
	"EXPAND_BLOCK": "وسٌّع القطعة",
	"EXPAND_ALL": "وسٌّع القطع",
	"DISABLE_BLOCK": "عطّل القطعة",
	"ENABLE_BLOCK": "أعد تفعيل القطعة",
	"HELP": "مساعدة",
	"UNDO": "رجوع",
	"REDO": "إعادة",
	"CHANGE_VALUE_TITLE": "تغيير قيمة:",
	"RENAME_VARIABLE": "إعادة تسمية المتغير...",
	"RENAME_VARIABLE_TITLE": "إعادة تسمية كافة المتغيرات '%1' إلى:",
	"NEW_VARIABLE": "إنشاء متغير...",
	"NEW_STRING_VARIABLE": "انشاء متغير نصي...",
	"NEW_NUMBER_VARIABLE": "انشاء متغير رقمي...",
	"NEW_COLOUR_VARIABLE": "انشاء متغير لوني...",
	"NEW_VARIABLE_TYPE_TITLE": "نوع متغير جديد:",
	"NEW_VARIABLE_TITLE": "اسم المتغير الجديد:",
	"VARIABLE_ALREADY_EXISTS": "المتغير '%1' موجود بالفعل",
	"VARIABLE_ALREADY_EXISTS_FOR_ANOTHER_TYPE": "متغير بأسم '%1' معرف من نوع اخر : '%2'.",
	"DELETE_VARIABLE_CONFIRMATION": "حذف%1 1 استخدامات المتغير '%2'؟",
	"CANNOT_DELETE_VARIABLE_PROCEDURE": "لايمكن حذف متغير \"%1\" بسبب انه جزء من الدالة \"%2\"",
	"DELETE_VARIABLE": "حذف المتغير %1",
	"COLOUR_PICKER_HELPURL": "https://ar.wikipedia.org/wiki/Color",
	"COLOUR_PICKER_TOOLTIP": "اختر لون من اللوحة.",
	"COLOUR_RANDOM_TITLE": "لون عشوائي",
	"COLOUR_RANDOM_TOOLTIP": "اختر لون بشكل عشوائي.",
	"COLOUR_RGB_HELPURL": "http://www.december.com/html/spec/colorper.html",
	"COLOUR_RGB_TITLE": "لون مع",
	"COLOUR_RGB_RED": "أحمر",
	"COLOUR_RGB_GREEN": "أخضر",
	"COLOUR_RGB_BLUE": "أزرق",
	"COLOUR_RGB_TOOLTIP": "إنشئ لون بالكمية المحددة من الأحمر, الأخضر والأزرق. بحيث يجب تكون كافة القيم بين 0 و 100.",
	"COLOUR_BLEND_HELPURL": "http://meyerweb.com/eric/tools/color-blend/",
	"COLOUR_BLEND_TITLE": "دمج",
	"COLOUR_BLEND_COLOUR1": "اللون 1",
	"COLOUR_BLEND_COLOUR2": "اللون 2",
	"COLOUR_BLEND_RATIO": "نسبة",
	"COLOUR_BLEND_TOOLTIP": "دمج لونين ببعضهما البعض بنسبة (0.0 - 1.0).",
	"CONTROLS_REPEAT_HELPURL": "https://en.wikipedia.org/wiki/For_loop",
	"CONTROLS_REPEAT_TITLE": "كرر  %1 مرات",
	"CONTROLS_REPEAT_INPUT_DO": "نفّذ",
	"CONTROLS_REPEAT_TOOLTIP": "نفّذ بعض الأوامر عدة مرات.",
	"CONTROLS_WHILEUNTIL_OPERATOR_WHILE": "اكرّر طالما",
	"CONTROLS_WHILEUNTIL_OPERATOR_UNTIL": "اكرّر حتى",
	"CONTROLS_WHILEUNTIL_TOOLTIP_WHILE": "بما ان القيمة صحيحة, نفّذ بعض الأوامر.",
	"CONTROLS_WHILEUNTIL_TOOLTIP_UNTIL": "بما ان القيمة خاطئة, نفّذ بعض الأوامر.",
	"CONTROLS_FOR_TOOLTIP": "اجعل المتغير  %1 يأخذ القيم من رقم البداية الى رقم النهاية، وقم بالعد داخل المجال المحدد، وطبق أوامر القطع المحددة.",
	"CONTROLS_FOR_TITLE": "عد بـ %1 من %2 إلى %3 بمعدل %4",
	"CONTROLS_FOREACH_TITLE": "لكل عنصر %1 في قائمة %2",
	"CONTROLS_FOREACH_TOOLTIP": "لكل عنصر في قائمة ما، عين المتغير '%1' لهذا الغنصر، ومن ثم نفذ بعض الأوامر.",
	"CONTROLS_FLOW_STATEMENTS_OPERATOR_BREAK": "اخرج من الحلقة",
	"CONTROLS_FLOW_STATEMENTS_OPERATOR_CONTINUE": "استمر ابتداءا من التكرار التالي من الحلقة",
	"CONTROLS_FLOW_STATEMENTS_TOOLTIP_BREAK": "اخرج من الحلقة الحالية.",
	"CONTROLS_FLOW_STATEMENTS_TOOLTIP_CONTINUE": "تخط ما تبقى من هذه الحلقة، واستمر ابتداءا من التكرار التالي.",
	"CONTROLS_FLOW_STATEMENTS_WARNING": "تحذير: يمكن استخدام هذه القطعة فقط داخل حلقة.",
	"CONTROLS_IF_TOOLTIP_1": "إذا كانت قيمة ما تساوي صحيح, إذن قم بتنفيذ أمر ما.",
	"CONTROLS_IF_TOOLTIP_2": "إذا كانت قيمة ما تساوي \"صحيح\"، إذن قم بتنفيذ أول قطعة من الأوامر. والا ،قم بتنفيذ القطعة الثانية من الأوامر.",
	"CONTROLS_IF_TOOLTIP_3": "إذا كانت القيمة الأولى تساوي \"صحيح\", إذن قم بتنفيذ القطعة الأولى من الأوامر. والا, إذا كانت القيمة الثانية تساوي \"صحيح\", قم بتنفيذ القطعة الثانية من الأوامر.",
	"CONTROLS_IF_TOOLTIP_4": "إذا كانت القيمة الأولى تساوي \"صحيح\", إذن قم بتنفيذ القطعة الأولى من الأوامر. والا , إذا كانت القيمة الثانية تساوي \"صحيح\", قم بتنفيذ القطعة الثانية من الأوامر. إذا لم تكن هناك أي قيمة تساوي صحيح, قم بتنفيذ آخر قطعة من الأوامر.",
	"CONTROLS_IF_MSG_IF": "إذا",
	"CONTROLS_IF_MSG_ELSEIF": "وإﻻ إذا",
	"CONTROLS_IF_MSG_ELSE": "والا",
	"CONTROLS_IF_IF_TOOLTIP": "أضف, إزل, أو أعد ترتيب المقاطع لإعادة تكوين القطعة الشرطية \"إذا\".",
	"CONTROLS_IF_ELSEIF_TOOLTIP": "إضف شرطا إلى القطعة الشرطية \"إذا\".",
	"CONTROLS_IF_ELSE_TOOLTIP": "أضف شرط \"نهاية، إجمع\" إلى القطعة الشرطية \"إذا\".",
	"IOS_OK": "أوافق",
	"IOS_CANCEL": "إلغاء",
	"IOS_ERROR": "خطأ",
	"IOS_PROCEDURES_INPUTS": "المدخلات",
	"IOS_PROCEDURES_ADD_INPUT": "+اضافة ادخال",
	"IOS_PROCEDURES_ALLOW_STATEMENTS": "العبارات المسموحة",
	"IOS_PROCEDURES_DUPLICATE_INPUTS_ERROR": "هذه الدالة لها مدخلات مكررة.",
	"IOS_VARIABLES_ADD_VARIABLE": "+اضف متغير",
	"IOS_VARIABLES_ADD_BUTTON": "أضف",
	"IOS_VARIABLES_RENAME_BUTTON": "أعد التسمية",
	"IOS_VARIABLES_DELETE_BUTTON": "احذف",
	"IOS_VARIABLES_VARIABLE_NAME": "اسم المتغير",
	"IOS_VARIABLES_EMPTY_NAME_ERROR": "لا يمكنك استخدام اسم متغير فارغ.",
	"LOGIC_COMPARE_HELPURL": "https://en.wikipedia.org/wiki/Inequality_(mathematics)",
	"LOGIC_COMPARE_TOOLTIP_EQ": "يرجع صحيح إذا كان كلا المدخلات مساوية بعضها البعض.",
	"LOGIC_COMPARE_TOOLTIP_NEQ": "يرجع صحيح إذا كانت كلا المدخلات غير مساوية لبعضها البعض.",
	"LOGIC_COMPARE_TOOLTIP_LT": "يرجع صحيح إذا كان الإدخال الأول أصغر من الإدخال الثاني.",
	"LOGIC_COMPARE_TOOLTIP_LTE": "يرجع صحيح إذا كان الإدخال الأول أصغر من أو يساوي الإدخال الثاني.",
	"LOGIC_COMPARE_TOOLTIP_GT": "يرجع صحيح إذا كان الإدخال الأول أكبر من الإدخال الثاني.",
	"LOGIC_COMPARE_TOOLTIP_GTE": "يرجع صحيح إذا كان الإدخال الأول أكبر من أو يساوي الإدخال الثاني.",
	"LOGIC_OPERATION_TOOLTIP_AND": "ترجع صحيح إذا كان كلا المٌدخلات صحيح.",
	"LOGIC_OPERATION_AND": "و",
	"LOGIC_OPERATION_TOOLTIP_OR": "ترجع صحيح إذا كان واحد على الأقل من المدخلات صحيح.",
	"LOGIC_OPERATION_OR": "أو",
	"LOGIC_NEGATE_TITLE": "ليس %1",
	"LOGIC_NEGATE_TOOLTIP": "يرجع صحيح إذا كان الإدخال خاطئ .  يرجع خاطئ إذا كان الإدخال صحيح.",
	"LOGIC_BOOLEAN_TRUE": "صحيح",
	"LOGIC_BOOLEAN_FALSE": "خاطئ",
	"LOGIC_BOOLEAN_TOOLTIP": "يرجع صحيح أو خاطئ.",
	"LOGIC_NULL_HELPURL": "https://en.wikipedia.org/wiki/Nullable_type",
	"LOGIC_NULL": "فارغ",
	"LOGIC_NULL_TOOLTIP": "ترجع ملغى.",
	"LOGIC_TERNARY_HELPURL": "https://en.wikipedia.org/wiki/%3F:",
	"LOGIC_TERNARY_CONDITION": "اختبار",
	"LOGIC_TERNARY_IF_TRUE": "إذا كانت العبارة صحيحة",
	"LOGIC_TERNARY_IF_FALSE": "إذا كانت العبارة خاطئة",
	"LOGIC_TERNARY_TOOLTIP": "تحقق الشرط في 'الاختبار'. إذا كان الشرط صحيح، يقوم بإرجاع قيمة 'اذا كانت العبارة صحيحة'؛ خلاف ذلك يرجع قيمة 'اذا كانت العبارة خاطئة'.",
	"MATH_NUMBER_HELPURL": "https://ar.wikipedia.org/wiki/%D8%B9%D8%AF%D8%AF",
	"MATH_NUMBER_TOOLTIP": "عدد ما.",
	"MATH_ADDITION_SYMBOL": "+",
	"MATH_SUBTRACTION_SYMBOL": "-",
	"MATH_DIVISION_SYMBOL": "÷",
	"MATH_MULTIPLICATION_SYMBOL": "×",
	"MATH_POWER_SYMBOL": "^",
	"MATH_TRIG_SIN": "جيب",
	"MATH_TRIG_COS": "جيب تمام",
	"MATH_TRIG_TAN": "ظل",
	"MATH_TRIG_ASIN": "asin",
	"MATH_TRIG_ACOS": "acos",
	"MATH_TRIG_ATAN": "atan",
	"MATH_ARITHMETIC_HELPURL": "https://en.wikipedia.org/wiki/Arithmetic",
	"MATH_ARITHMETIC_TOOLTIP_ADD": "يرجع مجموع الرقمين.",
	"MATH_ARITHMETIC_TOOLTIP_MINUS": "يرجع الفرق بين الرقمين.",
	"MATH_ARITHMETIC_TOOLTIP_MULTIPLY": "يرجع حاصل ضرب الرقمين.",
	"MATH_ARITHMETIC_TOOLTIP_DIVIDE": "يرجع حاصل قسمة الرقمين.",
	"MATH_ARITHMETIC_TOOLTIP_POWER": "يرجع الرقم الأول مرفوع إلى تربيع الرقم الثاني.",
	"MATH_SINGLE_HELPURL": "https://en.wikipedia.org/wiki/Square_root",
	"MATH_SINGLE_OP_ROOT": "الجذر التربيعي",
	"MATH_SINGLE_TOOLTIP_ROOT": "يرجع الجذر التربيعي للرقم.",
	"MATH_SINGLE_OP_ABSOLUTE": "مطلق",
	"MATH_SINGLE_TOOLTIP_ABS": "يرجع القيمة المطلقة لرقم.",
	"MATH_SINGLE_TOOLTIP_NEG": "يرجع عدد سالب.",
	"MATH_SINGLE_TOOLTIP_LN": "يرجع اللوغاريتم الطبيعي لرقم.",
	"MATH_SINGLE_TOOLTIP_LOG10": "يرجع لوغاريتم عدد معين للاساس 10.",
	"MATH_SINGLE_TOOLTIP_EXP": "يرجع ه‍ (e) مرفوعا لأس بقيمة الرقم المدخل.",
	"MATH_SINGLE_TOOLTIP_POW10": "يرجع مضروب الرقم 10 في نفسه .",
	"MATH_TRIG_HELPURL": "https://en.wikipedia.org/wiki/Trigonometric_functions",
	"MATH_TRIG_TOOLTIP_SIN": "يرجع جيب التمام لدرجة (لا زواية نصف قطرية).",
	"MATH_TRIG_TOOLTIP_COS": "يرجع جيب التمام لدرجة (لا زواية نصف قطرية).",
	"MATH_TRIG_TOOLTIP_TAN": "يرجع الظل لدرجة (لا دائرة نصف قطرية).",
	"MATH_TRIG_TOOLTIP_ASIN": "يرجع قوس الجيب للرقم.",
	"MATH_TRIG_TOOLTIP_ACOS": "يرجع قوس جيب التمام لرقم.",
	"MATH_TRIG_TOOLTIP_ATAN": "يرجع قوس الظل للرقم.",
	"MATH_CONSTANT_HELPURL": "https://en.wikipedia.org/wiki/Mathematical_constant",
	"MATH_CONSTANT_TOOLTIP": "ير جع واحد من الثوابت الشائعة : π (3.141…), e (2.718…), φ (1.618…), sqrt(2) (1.414…), sqrt(½) (0.707…), or ∞ (infinity).",
	"MATH_IS_EVEN": "هو زوجي",
	"MATH_IS_ODD": "هو فرذي",
	"MATH_IS_PRIME": "هو أولي",
	"MATH_IS_WHOLE": "هو صحيح",
	"MATH_IS_POSITIVE": "هو موجب",
	"MATH_IS_NEGATIVE": "هو سالب",
	"MATH_IS_DIVISIBLE_BY": "قابل للقسمة",
	"MATH_IS_TOOLTIP": "تحقق إذا كان عدد ما زوجيا، فرذيا, أوليا، صحيحا،موجبا أو سالبا، أو إذا كان قابلا للقسمة على عدد معين.  يرجع صحيح أو خاطئ.",
	"MATH_CHANGE_HELPURL": "https://en.wikipedia.org/wiki/Programming_idiom#Incrementing_a_counter",
	"MATH_CHANGE_TITLE": "غير %1 بـ %2",
	"MATH_CHANGE_TOOLTIP": "إضف رقم إلى متغير '%1'.",
	"MATH_ROUND_HELPURL": "https://en.wikipedia.org/wiki/Rounding",
	"MATH_ROUND_TOOLTIP": "تقريب الى اكبر عدد صحيح أو الى اصغر عدد صحيح.",
	"MATH_ROUND_OPERATOR_ROUND": "تقريب",
	"MATH_ROUND_OPERATOR_ROUNDUP": "تقريب الى اكبر عدد صحيح",
	"MATH_ROUND_OPERATOR_ROUNDDOWN": "تقريب إلى اصغر عدد صحيح",
	"MATH_ONLIST_OPERATOR_SUM": "مجموع القائمة",
	"MATH_ONLIST_TOOLTIP_SUM": "يرجع مجموع كافة الأرقام الموجودة في القائمة.",
	"MATH_ONLIST_OPERATOR_MIN": "الحد الأدنى من قائمة",
	"MATH_ONLIST_TOOLTIP_MIN": "يرجع أصغر رقم في القائمة.",
	"MATH_ONLIST_OPERATOR_MAX": "الحد الأقصى لقائمة",
	"MATH_ONLIST_TOOLTIP_MAX": "يرجع أكبر عدد في القائمة.",
	"MATH_ONLIST_OPERATOR_AVERAGE": "متوسط القائمة",
	"MATH_ONLIST_TOOLTIP_AVERAGE": "يرجع المعدل (الوسط الحسابي) للقيم الرقمية في القائمة.",
	"MATH_ONLIST_OPERATOR_MEDIAN": "متوسط القائمة",
	"MATH_ONLIST_TOOLTIP_MEDIAN": "يرجع وسيط العدد في القائمة.",
	"MATH_ONLIST_OPERATOR_MODE": "منوال القائمة",
	"MATH_ONLIST_TOOLTIP_MODE": "يرجع قائمة من العنصر أو العناصر الأكثر شيوعاً في القائمة.",
	"MATH_ONLIST_OPERATOR_STD_DEV": "الانحراف المعياري للقائمة",
	"MATH_ONLIST_TOOLTIP_STD_DEV": "يرجع الانحراف المعياري للقائمة.",
	"MATH_ONLIST_OPERATOR_RANDOM": "عنصر عشوائي من القائمة",
	"MATH_ONLIST_TOOLTIP_RANDOM": "يرجع عنصر عشوائي من القائمة.",
	"MATH_MODULO_HELPURL": "https://en.wikipedia.org/wiki/Modulo_operation",
	"MATH_MODULO_TITLE": "باقي %1 ÷ %2",
	"MATH_MODULO_TOOLTIP": "يرجع الباقي من قسمة الرقمين.",
	"MATH_CONSTRAIN_TITLE": "تقيد %1 منخفض %2 مرتفع %3",
	"MATH_CONSTRAIN_TOOLTIP": "تقييد العددليكون بين الحدود المحددة (ضمناً).",
	"MATH_RANDOM_INT_HELPURL": "https://en.wikipedia.org/wiki/Random_number_generation",
	"MATH_RANDOM_INT_TITLE": " عدد صحيح عشوائي من %1 إلى %2",
	"MATH_RANDOM_INT_TOOLTIP": "يرجع عدد صحيح عشوائي بين حدين محددين, ضمنيا.",
	"MATH_RANDOM_FLOAT_HELPURL": "https://en.wikipedia.org/wiki/Random_number_generation",
	"MATH_RANDOM_FLOAT_TITLE_RANDOM": "كسر عشوائي",
	"MATH_RANDOM_FLOAT_TOOLTIP": "يرجع جزء عشوائي بين 0.0 (ضمنياً) و 1.0 (خارجيا).",
	"MATH_ATAN2_HELPURL": "https://en.wikipedia.org/wiki/Atan2",
	"MATH_ATAN2_TITLE": "atan2 من X:%1 Y:%2",
	"MATH_ATAN2_TOOLTIP": "عودة قوس ظل النقطة (س، ص) بالدرجات من -180 إلى 180.",
	"TEXT_TEXT_HELPURL": "https://en.wikipedia.org/wiki/String_(computer_science)",
	"TEXT_TEXT_TOOLTIP": "حرف أو كلمة أو سطر من النص.",
	"TEXT_JOIN_TITLE_CREATEWITH": "انشئ نص مع",
	"TEXT_JOIN_TOOLTIP": "أنشئ جزء من النص بالصاق أي عدد من العناصر ببعضها البعض.",
	"TEXT_CREATE_JOIN_TITLE_JOIN": "الانضمام إلى",
	"TEXT_CREATE_JOIN_TOOLTIP": "أضف, إحذف, أو أعد ترتيب المقاطع لإعادة تكوين النص من القطع التالية.",
	"TEXT_CREATE_JOIN_ITEM_TOOLTIP": "إضف عنصر إلى النص.",
	"TEXT_APPEND_TITLE": "إلى %1 إلصق نص %2",
	"TEXT_APPEND_TOOLTIP": "إلصق جزءا من النص إلى متغير '%1'.",
	"TEXT_LENGTH_TITLE": "طول %1",
	"TEXT_LENGTH_TOOLTIP": "تقوم بإرجاع عدد الاحرف (بما في ذلك الفراغات) في النص المقدم.",
	"TEXT_ISEMPTY_TITLE": "%1 فارغ",
	"TEXT_ISEMPTY_TOOLTIP": "يرجع \"صحيح\" إذا كان النص المقدم فارغ.",
	"TEXT_INDEXOF_TOOLTIP": "تقوم بإرجاع مؤشر التواجد الأول/الأخير للنص الأول في النص الثاني.  تقوم بإرجاع %1 إذا لم يتم العثور على النص.",
	"TEXT_INDEXOF_TITLE": "في النص %1 %2 %3",
	"TEXT_INDEXOF_OPERATOR_FIRST": "ابحث عن التواجد الأول للنص",
	"TEXT_INDEXOF_OPERATOR_LAST": "ابحث عن التواجد الأخير للنص",
	"TEXT_CHARAT_TITLE": "في النص %1 %2",
	"TEXT_CHARAT_FROM_START": "الحصول على الحرف #",
	"TEXT_CHARAT_FROM_END": "الحصول على الحرف # من نهاية",
	"TEXT_CHARAT_FIRST": "احصل على الحرف الأول",
	"TEXT_CHARAT_LAST": "احصل على آخر حرف",
	"TEXT_CHARAT_RANDOM": "الحصول على حرف عشوائي",
	"TEXT_CHARAT_TOOLTIP": "يرجع حرف ما في الموضع المحدد.",
	"TEXT_GET_SUBSTRING_TOOLTIP": "يرجع جزء معين من النص.",
	"TEXT_GET_SUBSTRING_INPUT_IN_TEXT": "في النص",
	"TEXT_GET_SUBSTRING_START_FROM_START": "الحصول على سلسلة حروف فرعية من الحرف #",
	"TEXT_GET_SUBSTRING_START_FROM_END": "الحصول على سلسلة حروف فرعية من الحرف # من نهاية",
	"TEXT_GET_SUBSTRING_START_FIRST": "الحصول على سلسلة فرعية من الحرف الأول",
	"TEXT_GET_SUBSTRING_END_FROM_START": "إلى حرف #",
	"TEXT_GET_SUBSTRING_END_FROM_END": "إلى حرف # من نهاية",
	"TEXT_GET_SUBSTRING_END_LAST": "إلى آخر حرف",
	"TEXT_CHANGECASE_TOOLTIP": "يرجع نسخة من النص في حالة مختلفة.",
	"TEXT_CHANGECASE_OPERATOR_UPPERCASE": "الى حروف كبيرة",
	"TEXT_CHANGECASE_OPERATOR_LOWERCASE": "الى حروف صغيرة",
	"TEXT_CHANGECASE_OPERATOR_TITLECASE": "الى حروف العنوان",
	"TEXT_TRIM_TOOLTIP": "يرجع نسخة من النص مع حذف من أحد أو كلا الفراغات من أطرافه.",
	"TEXT_TRIM_OPERATOR_BOTH": "إزالة الفراغات من كلا الجانبين",
	"TEXT_TRIM_OPERATOR_LEFT": "إزالة الفراغات من الجانب الأيسر من",
	"TEXT_TRIM_OPERATOR_RIGHT": "إزالة الفراغات من الجانب الأيمن من",
	"TEXT_PRINT_TITLE": "اطبع %1",
	"TEXT_PRINT_TOOLTIP": "اطبع النص المحدد أو العدد أو قيمة أخرى.",
	"TEXT_PROMPT_TYPE_TEXT": "انتظر ادخال المستخدم لنص ما مع اظهار رسالة",
	"TEXT_PROMPT_TYPE_NUMBER": "انتظر ادخال المستخدم لرقم ما مع اظهار رسالة",
	"TEXT_PROMPT_TOOLTIP_NUMBER": "انتظر ادخال المستخذم لرقم ما.",
	"TEXT_PROMPT_TOOLTIP_TEXT": "انتظر ادخال المستخدم لنص ما.",
	"TEXT_COUNT_MESSAGE0": "العدد %1 في %2",
	"TEXT_COUNT_TOOLTIP": "احسب كم عدد بعض النصوص تتكرر ضمن نص اخر.",
	"TEXT_REPLACE_MESSAGE0": "بدل %1 ب %2 في %3",
	"TEXT_REPLACE_TOOLTIP": "استبدل جميع حالات حدوث بعض النصوص داخل نص آخر.",
	"TEXT_REVERSE_MESSAGE0": "عكس %1",
	"TEXT_REVERSE_TOOLTIP": "يعكس ترتيب حروف النص",
	"LISTS_CREATE_EMPTY_HELPURL": "https://github.com/google/blockly/wiki/Lists#create-empty-list",
	"LISTS_CREATE_EMPTY_TITLE": "إنشئ قائمة فارغة",
	"LISTS_CREATE_EMPTY_TOOLTIP": "تقوم بإرجاع قائمة، طولها 0, لا تحتوي على أية سجلات البيانات",
	"LISTS_CREATE_WITH_TOOLTIP": "أنشىء قائمة من أي عدد من العناصر.",
	"LISTS_CREATE_WITH_INPUT_WITH": "أتشئ قائمة مع",
	"LISTS_CREATE_WITH_CONTAINER_TITLE_ADD": "قائمة",
	"LISTS_CREATE_WITH_CONTAINER_TOOLTIP": "أضف, إزل, أو أعد ترتيب المقاطع لإعادة تكوين القطعة قائمة القطع التالية.",
	"LISTS_CREATE_WITH_ITEM_TOOLTIP": "أضف عنصرا إلى القائمة.",
	"LISTS_REPEAT_TOOLTIP": "انشئ قائمة تتألف من القيمة المعطاة متكررة لعدد محدد من المرات.",
	"LISTS_REPEAT_TITLE": "إنشئ قائمة مع العنصر  %1 %2 مرات",
	"LISTS_LENGTH_TITLE": "الطول من %1",
	"LISTS_LENGTH_TOOLTIP": "تقوم بإرجاع طول قائمة.",
	"LISTS_ISEMPTY_TITLE": "%1 فارغ",
	"LISTS_ISEMPTY_TOOLTIP": "يرجع \"صحيح\" إذا كانت القائمة فارغة.",
	"LISTS_INLIST": "في قائمة",
	"LISTS_INDEX_OF_FIRST": "ابحث على على التواجد الأول للعنصر",
	"LISTS_INDEX_OF_LAST": "ابحث على التواجد الأخير للعنصر",
	"LISTS_INDEX_OF_TOOLTIP": "تقوم بإرجاع مؤشر التواجد  الأول/الأخير في القائمة.  تقوم بإرجاع %1 إذا لم يتم العثور على النص.",
	"LISTS_GET_INDEX_GET": "احصل على",
	"LISTS_GET_INDEX_GET_REMOVE": "احصل على و ازل",
	"LISTS_GET_INDEX_REMOVE": "ازل",
	"LISTS_GET_INDEX_FROM_START": "#",
	"LISTS_GET_INDEX_FROM_END": "# من نهاية",
	"LISTS_GET_INDEX_FIRST": "أول",
	"LISTS_GET_INDEX_LAST": "أخير",
	"LISTS_GET_INDEX_RANDOM": "عشوائي",
	"LISTS_INDEX_FROM_START_TOOLTIP": "%1 هو العنصر الأول.",
	"LISTS_INDEX_FROM_END_TOOLTIP": "%1 هو العنصر الأخير.",
	"LISTS_GET_INDEX_TOOLTIP_GET_FROM": "يقوم بإرجاع العنصر في الموضع المحدد في قائمة ما.",
	"LISTS_GET_INDEX_TOOLTIP_GET_FIRST": "يرجع العنصر الأول في قائمة ما.",
	"LISTS_GET_INDEX_TOOLTIP_GET_LAST": "يرجع العنصر الأخير في قائمة ما.",
	"LISTS_GET_INDEX_TOOLTIP_GET_RANDOM": "يرجع عنصرا عشوائيا في قائمة.",
	"LISTS_GET_INDEX_TOOLTIP_GET_REMOVE_FROM": "يزيل ويقوم بإرجاع العنصر في الموضع المحدد في قائمة ما.",
	"LISTS_GET_INDEX_TOOLTIP_GET_REMOVE_FIRST": "يزيل ويرجع العنصر الأول في قائمة.",
	"LISTS_GET_INDEX_TOOLTIP_GET_REMOVE_LAST": "يزيل ويرجع العنصر الأخير في قائمة ما.",
	"LISTS_GET_INDEX_TOOLTIP_GET_REMOVE_RANDOM": "يزيل و يرجع عنصرا عشوائيا في قائمة ما.",
	"LISTS_GET_INDEX_TOOLTIP_REMOVE_FROM": "يزيل العنصر الموجود في الموضع المحدد في قائمة ما.",
	"LISTS_GET_INDEX_TOOLTIP_REMOVE_FIRST": "يزيل العنصر الأول في قائمة ما.",
	"LISTS_GET_INDEX_TOOLTIP_REMOVE_LAST": "يزيل العنصر الأخير في قائمة ما.",
	"LISTS_GET_INDEX_TOOLTIP_REMOVE_RANDOM": "يزيل عنصرا عشوائيا في قائمة ما.",
	"LISTS_SET_INDEX_SET": "تعيين",
	"LISTS_SET_INDEX_INSERT": "أدخل في",
	"LISTS_SET_INDEX_INPUT_TO": "مثل",
	"LISTS_SET_INDEX_TOOLTIP_SET_FROM": "يحدد العنصر في الموضع المحدد في قائمة ما.",
	"LISTS_SET_INDEX_TOOLTIP_SET_FIRST": "يحدد العنصر الأول في قائمة.",
	"LISTS_SET_INDEX_TOOLTIP_SET_LAST": "يحدد العنصر الأخير في قائمة.",
	"LISTS_SET_INDEX_TOOLTIP_SET_RANDOM": "يحدد عنصرا عشوائيا في قائمة.",
	"LISTS_SET_INDEX_TOOLTIP_INSERT_FROM": "يقوم بإدخال العنصر في الموضع المحدد في قائمة ما.",
	"LISTS_SET_INDEX_TOOLTIP_INSERT_FIRST": "يقوم بإدراج هذا العنصر في بداية قائمة.",
	"LISTS_SET_INDEX_TOOLTIP_INSERT_LAST": "ألصق هذا العنصر بنهاية قائمة.",
	"LISTS_SET_INDEX_TOOLTIP_INSERT_RANDOM": "ادخل العنصر عشوائياً في القائمة.",
	"LISTS_GET_SUBLIST_START_FROM_START": "احصل على قائمة فرعية من #",
	"LISTS_GET_SUBLIST_START_FROM_END": "احصل  على قائمة فرعية من # من نهاية",
	"LISTS_GET_SUBLIST_START_FIRST": "احصل على قائمة فرعية من الأول",
	"LISTS_GET_SUBLIST_END_FROM_START": "إلى #",
	"LISTS_GET_SUBLIST_END_FROM_END": "إلى # من نهاية",
	"LISTS_GET_SUBLIST_END_LAST": "إلى الأخير",
	"LISTS_GET_SUBLIST_TOOLTIP": "يقوم بإنشاء نسخة من الجزء المحدد من قائمة ما.",
	"LISTS_SORT_HELPURL": "https://github.com/google/blockly/wiki/Lists#sorting-a-list",
	"LISTS_SORT_TITLE": "رتب %1 %2 %3",
	"LISTS_SORT_TOOLTIP": "فرز نسخة من القائمة.",
	"LISTS_SORT_ORDER_ASCENDING": "تصاعديا",
	"LISTS_SORT_ORDER_DESCENDING": "تنازليا",
	"LISTS_SORT_TYPE_NUMERIC": "رقمي",
	"LISTS_SORT_TYPE_TEXT": "أبجديًا",
	"LISTS_SORT_TYPE_IGNORECASE": "أبجديا، وتجاهل الحالة",
	"LISTS_SPLIT_LIST_FROM_TEXT": "إعداد قائمة من النصوص",
	"LISTS_SPLIT_TEXT_FROM_LIST": "إعداد نص من القائمة",
	"LISTS_SPLIT_WITH_DELIMITER": "مع محدد",
	"LISTS_SPLIT_TOOLTIP_SPLIT": "تقسيم النص إلى قائمة من النصوص، وكسر في كل محدد",
	"LISTS_SPLIT_TOOLTIP_JOIN": "ضم قائمة النصوص في نص واحد، مفصولة بواسطة محدد.",
	"LISTS_REVERSE_MESSAGE0": "عكس %1",
	"LISTS_REVERSE_TOOLTIP": "عكس نسخة من القائمة.",
	"VARIABLES_GET_TOOLTIP": "يرجع قيمة هذا المتغير.",
	"VARIABLES_GET_CREATE_SET": "انشئ 'التعيين %1'",
	"VARIABLES_SET": "تعيين %1 إلى %2",
	"VARIABLES_SET_TOOLTIP": "تعيين هذا المتغير لتكون مساوية للقيمة المدخلة.",
	"VARIABLES_SET_CREATE_GET": "انشئ 'احصل على %1'",
	"PROCEDURES_DEFNORETURN_HELPURL": "https://en.wikipedia.org/wiki/Subroutine",
	"PROCEDURES_DEFNORETURN_TITLE": "إلى",
	"PROCEDURES_DEFNORETURN_PROCEDURE": "القيام بشيء ما",
	"PROCEDURES_BEFORE_PARAMS": "مع:",
	"PROCEDURES_CALL_BEFORE_PARAMS": "مع:",
	"PROCEDURES_DEFNORETURN_TOOLTIP": "انشئ دالة بدون مخرجات .",
	"PROCEDURES_DEFNORETURN_COMMENT": "صف هذه الوظيفة...",
	"PROCEDURES_DEFRETURN_HELPURL": "https://en.wikipedia.org/wiki/Subroutine",
	"PROCEDURES_DEFRETURN_RETURN": "يرجع",
	"PROCEDURES_DEFRETURN_TOOLTIP": "انشئ دالة مع المخرجات.",
	"PROCEDURES_ALLOW_STATEMENTS": "اسمح بالبيانات",
	"PROCEDURES_DEF_DUPLICATE_WARNING": "تحذير: هذه الدالة تحتوي على معلمات مكررة.",
	"PROCEDURES_CALLNORETURN_HELPURL": "https://en.wikipedia.org/wiki/Subroutine",
	"PROCEDURES_CALLNORETURN_TOOLTIP": "تشغيل الدالة المعرفة من قبل المستخدم '%1'.",
	"PROCEDURES_CALLRETURN_HELPURL": "https://en.wikipedia.org/wiki/Subroutine",
	"PROCEDURES_CALLRETURN_TOOLTIP": "تشغيل الدالة المعرفة من قبل المستخدم %1 واستخدام  مخرجاتها.",
	"PROCEDURES_MUTATORCONTAINER_TITLE": "المدخلات",
	"PROCEDURES_MUTATORCONTAINER_TOOLTIP": "إضافة أو إزالة أو إعادة ترتيب المدخلات لهذه المهمة.",
	"PROCEDURES_MUTATORARG_TITLE": "اسم الإدخال:",
	"PROCEDURES_MUTATORARG_TOOLTIP": "أضف مدخلا إلى الوظيفة.",
	"PROCEDURES_HIGHLIGHT_DEF": "تسليط الضوء على تعريف الدالة",
	"PROCEDURES_CREATE_DO": "إنشئ '%1'",
	"PROCEDURES_IFRETURN_TOOLTIP": "إذا كانت القيمة صحيحة ، اذان قم بارجاع القيمة الثانية.",
	"PROCEDURES_IFRETURN_WARNING": "تحذير:هذه القطعة تستخدم فقط داخل تعريف دالة.",
	"WORKSPACE_COMMENT_DEFAULT_TEXT": "قل شيئا...",
	"COLLAPSED_WARNINGS_WARNING": "الكتل المطوية تحتوي على تحذيرات."
}
