Sample data from Morgantown Zillow Sales,,,,,,,,,,,,,,,,,,,,
Created 11/1/23 by NDG using Zillow Data Explorer,,,,,,,,,,,,,,,,,,,,
,,,,,,,,,,,,,,,,,,,,
Property URL,MLS ID,Property price (USD),Sold date (MM/DD/YYYY),Living area,Living area unit,Price per living area unit (USD),Lot/land area,Lot/land area unit,Bedrooms,Bathrooms,Broker name,Broker agent,Street address,City,Zip,State,Country,id,longitude,latitude
https://www.zillow.com/homedetails/107-Cowell-St-Morgantown-WV-26501/22910496_zpid/,,35000,7/25/2023,565,sqft,61.95,10018.8,sqft,1,1,,,107 Cowell St,Morgantown,26501,WV,USA,1,-79.989735901023,39.633899233488
https://www.zillow.com/homedetails/1176-Sabraton-Ave-Morgantown-WV-26505/22898729_zpid/,,49500,6/9/2023,600,sqft,82.5,0.92,acres,1,1,,,1176 Sabraton Ave,Morgantown,26505,WV,USA,2,-79.936267718498,39.632788074209
https://www.zillow.com/homedetails/300-Kent-St-Granville-WV-26534/22884933_zpid/,,80000,5/31/2023,750,sqft,106.67,1.01,acres,1,1,,,300 Kent St,Granville,26534,WV,USA,3,-79.987753832522,39.644532095301
https://www.zillow.com/homedetails/48-W-Main-St-Westover-WV-26501/22910115_zpid/,,125000,5/31/2023,472,sqft,264.83,7187.4,sqft,1,1,,,48 W Main St,Westover,26501,WV,USA,4,-79.963070919103,39.63129660582
https://www.zillow.com/homedetails/1741-Tyrone-Rd-Morgantown-WV-26508/116190983_zpid/,,145000,5/26/2023,768,sqft,188.8,1,acres,1,1,,,1741 Tyrone Rd,Morgantown,26508,WV,USA,5,-79.883778360737,39.613234671933
https://www.zillow.com/homedetails/24-Barclay-Dr-Morgantown-WV-26508/2126505625_zpid/,,220000,5/26/2023,1000,sqft,220,9147.6,sqft,1,1,,,24 Barclay Dr,Morgantown,26508,WV,USA,6,-79.897984033992,39.680298890399
https://www.zillow.com/homedetails/49-Colorado-Ave-Westover-WV-26501/22909841_zpid/,,48750,5/2/2023,780,sqft,62.5,2090.88,sqft,1,1,,,49 Colorado Ave,Westover,26501,WV,USA,7,,
https://www.zillow.com/homedetails/1340-Montrose-Ave-Morgantown-WV-26505/22900305_zpid/,,55000,4/28/2023,683,sqft,80.53,4007.52,sqft,1,1,,,1340 Montrose Ave,Morgantown,26505,WV,USA,8,-79.932008186598,39.630953795256
https://www.zillow.com/homedetails/576-New-York-Ave-Westover-WV-26501/22909547_zpid/,,80000,1/10/2023,656,sqft,121.95,,,1,1,,,576 New York Ave,Westover,26501,WV,USA,9,-79.972063672162,39.637367177807
https://www.zillow.com/homedetails/Bryant-Ave-Morgantown-WV-26501/22910624_zpid/,,10000,11/7/2022,597,sqft,16.75,3.1,acres,1,1,,,Bryant Ave,Morgantown,26501,WV,USA,10,,
https://www.zillow.com/homedetails/17-1-2-Bryant-Ave-Morgantown-WV-26501/2061981026_zpid/,,10000,11/2/2022,597,sqft,16.75,6534,sqft,1,1,,,17 1/2 Bryant Ave,Morgantown,26501,WV,USA,11,-79.986638686249,39.63313936671
https://www.zillow.com/homedetails/1248-Montrose-Ave-Morgantown-WV-26505/22900317_zpid/,,10000,9/28/2022,576,sqft,17.36,0.92,acres,1,1,,,1248 Montrose Ave,Morgantown,26505,WV,USA,12,-79.934122062562,39.631803955757
https://www.zillow.com/homedetails/203-1-2-Hartman-Run-Rd-Morgantown-WV-26505/22900205_zpid/,,40000,9/21/2022,880,sqft,45.45,1.15,acres,1,1,,,203 1/2 Hartman Run Rd,Morgantown,26505,WV,USA,13,-79.928805892633,39.632245227464
https://www.zillow.com/homedetails/67-Pixler-Hill-Rd-Morgantown-WV-26508/2062515749_zpid/,,95000,9/16/2022,1650,sqft,57.58,0.63,acres,1,1,,,67 Pixler Hill Rd,Morgantown,26508,WV,USA,14,-79.889241406739,39.607913286951
https://www.zillow.com/homedetails/1467-Saratoga-Ave-Star-City-WV-26505/22903207_zpid/,,78000,8/18/2022,476,sqft,163.87,9583.2,sqft,1,1,,,1467 Saratoga Ave,Star City,26505,WV,USA,15,-79.987919904396,39.654284169079
https://www.zillow.com/homedetails/300-Walnut-Hill-Rd-Morgantown-WV-26501/22878385_zpid/,,30000,8/5/2022,733,sqft,40.93,0.78,acres,1,1,,,300 Walnut Hill Rd,Morgantown,26501,WV,USA,16,-80.05454551234,39.6765355734
https://www.zillow.com/homedetails/605-Astor-Ave-Morgantown-WV-26501/22894512_zpid/,,35000,6/22/2022,400,sqft,87.5,0.77,acres,1,0.5,,,605 Astor Ave,Morgantown,26501,WV,USA,17,-79.960091083306,39.616501483581
https://www.zillow.com/homedetails/15-Monroe-St-Morgantown-WV-26501/22910861_zpid/,,155000,4/26/2022,816,sqft,189.95,3.47,acres,1,1,,,15 Monroe St,Morgantown,26501,WV,USA,18,-79.975209163075,39.62981960368
https://www.zillow.com/homedetails/1279-Tyrone-Rd-Morgantown-WV-26508/22888170_zpid/,,180000,4/1/2022,1520,sqft,118.42,1,acres,1,1.5,,,1279 Tyrone Rd,Morgantown,26508,WV,USA,19,-79.878809440259,39.626569303118
https://www.zillow.com/homedetails/3-Thornhill-Ave-Westover-WV-26501/22910904_zpid/,,6500,3/9/2022,744,sqft,8.74,0.92,acres,1,1,,,3 Thornhill Ave,Westover,26501,WV,USA,20,-79.971164486068,39.629835538999
https://www.zillow.com/homedetails/811-Monongalia-Ave-Morgantown-WV-26505/22898891_zpid/,,60000,2/28/2022,494,sqft,121.46,3920.4,sqft,1,1,,,811 Monongalia Ave,Morgantown,26505,WV,USA,21,-79.944984205853,39.632346742057
https://www.zillow.com/homedetails/21-E-1st-St-Morgantown-WV-26508/22892641_zpid/,,40000,11/2/2021,816,sqft,49.02,2.7,acres,1,1,,,21 E 1st St,Morgantown,26508,WV,USA,22,-79.900990235162,39.612640481858
https://www.zillow.com/homedetails/1405-Sabraton-Ave-Morgantown-WV-26505/22900446_zpid/,,102600,9/23/2021,1000,sqft,102.6,8646,sqft,1,1,,,1405 Sabraton Ave,Morgantown,26505,WV,USA,23,-79.929175987787,39.630001547029
https://www.zillow.com/homedetails/951-Chestnut-Ridge-Rd-Morgantown-WV-26505/22890421_zpid/,,300000,7/30/2021,1024,sqft,292.97,3.06,acres,1,1,,,951 Chestnut Ridge Rd,Morgantown,26505,WV,USA,24,,
https://www.zillow.com/homedetails/1272-Lazzelle-Union-Rd-Maidsville-WV-26541/98319286_zpid/,,1100,7/27/2021,444,sqft,2.48,0.31,acres,1,1,,,1272 Lazzelle Union Rd,Maidsville,26541,WV,USA,25,-79.980575529971,39.688926253623
https://www.zillow.com/homedetails/2134A-Stewartstown-Rd-Morgantown-WV-26508/2064031855_zpid/,,221500,5/14/2021,500,sqft,443,10,acres,1,1,,,2134A Stewartstown Rd,Morgantown,26508,WV,USA,26,-79.909529617962,39.693993235987
https://www.zillow.com/homedetails/716-718-720-Monongalia-Ave-Morgantown-WV-26505/22898919_zpid/,,185000,4/20/2021,800,sqft,231.25,1.84,acres,1,1,,,716 & 718 720 Monongalia Ave,Morgantown,26505,WV,USA,27,-79.945848449832,39.631126075376
https://www.zillow.com/homedetails/707-Tyrone-Avery-Rd-Morgantown-WV-26508/337643462_zpid/,,10000,4/6/2021,1802,sqft,5.55,2.62,acres,1,1,,,707 Tyrone Avery Rd,Morgantown,26508,WV,USA,28,-79.86203947399,39.64410310468
https://www.zillow.com/homedetails/2-Cool-Rd-Morgantown-WV-26501/22878578_zpid/,,85000,12/16/2020,1075,sqft,79.07,0.53,acres,1,1,,,2 Cool Rd,Morgantown,26501,WV,USA,29,-80.00413945422,39.682336279988
https://www.zillow.com/homedetails/1257-Jersey-Ave-Morgantown-WV-26505/22900105_zpid/,,205000,10/31/2023,1103,sqft,185.86,8712,sqft,2,1,,,1257 Jersey Ave,Morgantown,26505,WV,USA,30,-79.932395127125,39.63407225685
https://www.zillow.com/homedetails/168-Diamond-Ave-Morgantown-WV-26505/22900697_zpid/,,85000,8/21/2023,750,sqft,113.33,0.41,acres,2,2,,,168 Diamond Ave,Morgantown,26505,WV,USA,31,-79.949546526469,39.675942264091
https://www.zillow.com/homedetails/800-University-Ave-Morgantown-WV-26501/22893580_zpid/,,285000,8/1/2023,949,sqft,300.32,1.49,acres,2,1,,,800 University Ave,Morgantown,26501,WV,USA,32,-79.961576903048,39.625453906904
https://www.zillow.com/homedetails/205-Newport-Ave-Morgantown-WV-26501/22909672_zpid/,,221000,7/19/2023,1530,sqft,144.44,4000,sqft,2,2,,,205 Newport Ave,Morgantown,26501,WV,USA,33,-79.971099846514,39.636153007665
https://www.zillow.com/homedetails/519-Clark-St-Morgantown-WV-26501/22895003_zpid/,,140000,7/13/2023,1145,sqft,122.27,2199.78,sqft,2,2,,,519 Clark St,Morgantown,26501,WV,USA,34,-79.949653050209,39.626910963209
https://www.zillow.com/homedetails/733-Elysian-Ave-Morgantown-WV-26501/22894068_zpid/,,181000,6/30/2023,1602,sqft,112.98,6000,sqft,2,2,,,733 Elysian Ave,Morgantown,26501,WV,USA,35,-79.967357880995,39.614875968557
https://www.zillow.com/homedetails/1061-Dorsey-Ave-Morgantown-WV-26501/22894601_zpid/,,160000,6/30/2023,1372,sqft,116.62,0.29,acres,2,2,,,1061 Dorsey Ave,Morgantown,26501,WV,USA,36,-79.953144205186,39.615458729222
https://www.zillow.com/homedetails/537-Hite-St-Morgantown-WV-26501/89451960_zpid/,,187500,6/30/2023,1290,sqft,145.35,8049.89,sqft,2,2,,,537 Hite St,Morgantown,26501,WV,USA,37,-79.96109629394,39.616059627088
https://www.zillow.com/homedetails/223-Hagans-St-Morgantown-WV-26501/22895825_zpid/,,261000,6/28/2023,1476,sqft,176.83,1464.4,sqft,2,2,,,223 Hagans St,Morgantown,26501,WV,USA,38,-79.954862058388,39.624366693907
https://www.zillow.com/homedetails/34-Marcus-Dr-Morgantown-WV-26501/22892106_zpid/,,79719,6/21/2023,1120,sqft,71.18,435,sqft,2,1,,,34 Marcus Dr,Morgantown,26501,WV,USA,39,-79.941163845081,39.612979607605
https://www.zillow.com/homedetails/1129-Charles-Ave-Morgantown-WV-26505/22899190_zpid/,,199000,,1348,sqft,147.63,10018.8,sqft,2,1,,,1129 Charles Ave,Morgantown,26505,WV,USA,40,-79.938851236344,39.635173416145
https://www.zillow.com/homedetails/640-W-Virginia-Ave-Morgantown-WV-26501/22894128_zpid/,,214900,6/7/2023,1340,sqft,160.37,3998.81,sqft,2,1,,,640 W Virginia Ave,Morgantown,26501,WV,USA,41,-79.965771119231,39.61581350879
https://www.zillow.com/homedetails/428-Clark-St-Morgantown-WV-26501/22895271_zpid/,,75000,5/30/2023,1902,sqft,39.43,2848,sqft,2,1,,,428 Clark St,Morgantown,26501,WV,USA,42,-79.951212901136,39.626849268643
https://www.zillow.com/homedetails/412-Cobun-Ave-Morgantown-WV-26501/22895257_zpid/,,85000,5/26/2023,1189,sqft,71.49,1904,sqft,2,1,,,412 Cobun Ave,Morgantown,26501,WV,USA,43,-79.95166912142,39.626370093467
https://www.zillow.com/homedetails/608-1-2-Callen-Ave-Morgantown-WV-26501/22893961_zpid/,,10000,5/23/2023,1244,sqft,8.04,7840.8,sqft,2,1,,,608 1/2 Callen Ave,Morgantown,26501,WV,USA,44,-79.967600987572,39.617462347986
https://www.zillow.com/homedetails/103-Peninsula-Blvd-Morgantown-WV-26501/22895493_zpid/,,180500,5/19/2023,1275,sqft,141.57,2613.6,sqft,2,2,,,103 Peninsula Blvd,Morgantown,26501,WV,USA,45,-79.947004849579,39.6228614359
https://www.zillow.com/homedetails/613-W-Virginia-Ave-Morgantown-WV-26501/22894164_zpid/,,210000,4/25/2023,1482,sqft,141.7,0.68,acres,2,2,,,613 W Virginia Ave,Morgantown,26501,WV,USA,46,-79.965253334672,39.616280711704
https://www.zillow.com/homedetails/613-Virginia-Ave-Morgantown-WV-26501/2059471660_zpid/,,210000,4/11/2023,1255,sqft,167.33,2918.52,sqft,2,2,,,613 Virginia Ave,Morgantown,26501,WV,USA,47,-79.965253334672,39.616280711704
https://www.zillow.com/homedetails/130-Kaustin-Dr-Morgantown-WV-26501/98318943_zpid/,,199500,4/3/2023,1232,sqft,161.93,1034,sqft,2,2.5,,,130 Kaustin Dr,Morgantown,26501,WV,USA,48,-79.944342894395,39.612604381331
https://www.zillow.com/homedetails/173-Vine-St-Westover-WV-26501/22910305_zpid/,,80000,3/31/2023,792,sqft,101.01,1.38,acres,2,1,,,173 Vine St,Westover,26501,WV,USA,49,-79.968981495621,39.632182124542
https://www.zillow.com/homedetails/12-Globe-Ave-Morgantown-WV-26501/22894380_zpid/,,77700,3/14/2023,1100,sqft,70.64,4486.68,sqft,2,2,,,12 Globe Ave,Morgantown,26501,WV,USA,50,-79.962549107201,39.617332796342
https://www.zillow.com/homedetails/225-227-Green-St-Morgantown-WV-26501/250743489_zpid/,,206873,3/8/2023,1174,sqft,176.21,0.59,acres,2,1,,,225 & 227 Green St,Morgantown,26501,WV,USA,51,-79.95087205996,39.625914536653
https://www.zillow.com/homedetails/468-W-Virginia-Ave-Morgantown-WV-26501/22894119_zpid/,,185000,2/24/2023,1060,sqft,174.53,4007.52,sqft,2,1,,,468 W Virginia Ave,Morgantown,26501,WV,USA,52,-79.96383420136,39.618350665665
https://www.zillow.com/homedetails/513-Brockway-Ave-Morgantown-WV-26501/22894946_zpid/,,50000,2/24/2023,1300,sqft,38.46,2400,sqft,2,1,,,513 Brockway Ave,Morgantown,26501,WV,USA,53,-79.949606670512,39.627333842745
https://www.zillow.com/homedetails/135-Sheldon-Ave-Morgantown-WV-26501/22896799_zpid/,,40000,2/2/2023,1620,sqft,24.69,0.92,acres,2,1,,,135 Sheldon Ave,Morgantown,26501,WV,USA,54,-79.952572157107,39.615841247565
https://www.zillow.com/homedetails/433-Elysian-Ave-Morgantown-WV-26501/22894104_zpid/,,195000,1/18/2023,996,sqft,195.78,8000,sqft,2,1,,,433 Elysian Ave,Morgantown,26501,WV,USA,55,-79.964265635633,39.618890941644
https://www.zillow.com/homedetails/448-W-Virginia-Ave-Morgantown-WV-26501/22894110_zpid/,,165000,1/17/2023,1108,sqft,148.92,3999.98,sqft,2,1,,,448 W Virginia Ave,Morgantown,26501,WV,USA,56,-79.963589364969,39.618673352804
https://www.zillow.com/homedetails/1031-Curtis-Ave-Morgantown-WV-26501/22894711_zpid/,,185000,1/11/2023,1200,sqft,154.17,0.29,acres,2,2,,,1031 Curtis Ave,Morgantown,26501,WV,USA,57,-79.954150911373,39.614538914105
https://www.zillow.com/homedetails/252-Darst-St-Morgantown-WV-26505/22900098_zpid/,,132000,1/3/2023,756,sqft,174.6,1.86,acres,2,1,,,252 Darst St,Morgantown,26505,WV,USA,58,-79.932945456946,39.634745637117
https://www.zillow.com/homedetails/717-Southern-Ave-Morgantown-WV-26501/22894444_zpid/,,148000,12/19/2022,816,sqft,181.37,0.38,acres,2,1,,,717 Southern Ave,Morgantown,26501,WV,USA,59,-79.958350652142,39.617512362653
https://www.zillow.com/homedetails/641-W-Virginia-Ave-Morgantown-WV-26501/22894160_zpid/,,195000,12/16/2022,1232,sqft,158.28,6098.4,sqft,2,3,,,641 W Virginia Ave,Morgantown,26501,WV,USA,60,-79.965641904041,39.615756736633
https://www.zillow.com/homedetails/211-Hartman-Run-Rd-Morgantown-WV-26505/22900210_zpid/,,125000,12/14/2022,1280,sqft,97.66,0.33,acres,2,3,,,211 Hartman Run Rd,Morgantown,26505,WV,USA,61,-79.928451158259,39.632688911908
https://www.zillow.com/homedetails/720-Elysian-Ave-Morgantown-WV-26501/22894058_zpid/,,125000,12/8/2022,977,sqft,127.94,7840.8,sqft,2,2,,,720 Elysian Ave,Morgantown,26501,WV,USA,62,-79.96741004552,39.615033936888
https://www.zillow.com/homedetails/243-Dewey-St-Morgantown-WV-26501/22895212_zpid/,,140000,12/7/2022,780,sqft,179.49,2613.6,sqft,2,2,,,243 Dewey St,Morgantown,26501,WV,USA,63,-79.949811514512,39.625850891476
https://www.zillow.com/homedetails/511-Elmina-St-Morgantown-WV-26501/2060410823_zpid/,,96000,11/28/2022,768,sqft,125,0.33,acres,2,1,,,511 Elmina St,Morgantown,26501,WV,USA,64,-79.94952097857,39.62493965692
https://www.zillow.com/homedetails/608-Clinton-Ave-Morgantown-WV-26505/22898867_zpid/,,20000,11/21/2022,1428,sqft,14.01,0.92,acres,2,,,,608 Clinton Ave,Morgantown,26505,WV,USA,65,-79.947368578096,39.630748905355
https://www.zillow.com/homedetails/205-Hartman-Run-Rd-Morgantown-WV-26505/208903884_zpid/,,65000,11/2/2022,850,sqft,76.47,10010.09,sqft,2,1,,,205 Hartman Run Rd,Morgantown,26505,WV,USA,66,,
https://www.zillow.com/homedetails/1469-Andmore-St-Morgantown-WV-26505/22900425_zpid/,,157000,10/27/2022,1073,sqft,146.32,7300,sqft,2,1,,,1469 Andmore St,Morgantown,26505,WV,USA,67,-79.927791271949,39.629852552774
https://www.zillow.com/homedetails/259-Overdale-St-Morgantown-WV-26501/22895303_zpid/,,240500,10/21/2022,2098,sqft,114.63,3484.8,sqft,2,1,,,259 Overdale St,Morgantown,26501,WV,USA,68,-79.948080372325,39.625589527121
https://www.zillow.com/homedetails/863-Harrison-St-Morgantown-WV-26505/22899106_zpid/,,69000,10/5/2022,1360,sqft,50.74,0.48,acres,2,1,,,863 Harrison St,Morgantown,26505,WV,USA,69,-79.942025501009,39.632168617156
https://www.zillow.com/homedetails/31-Linden-St-Westover-WV-26501/22910436_zpid/,,150000,9/28/2022,943,sqft,159.07,6098,sqft,2,1,,,31 Linden St,Westover,26501,WV,USA,70,-79.974375678017,39.631265350675
https://www.zillow.com/homedetails/9-Willow-Ln-Morgantown-WV-26505/22890453_zpid/,,200000,9/11/2023,1428,sqft,140.06,0.37,acres,2,2.5,,,9 Willow Ln,Morgantown,26505,WV,USA,71,-79.953166491802,39.653466884706
https://www.zillow.com/homedetails/448-Westwood-Ave-Star-City-WV-26505/22903125_zpid/,,45000,8/23/2023,920,sqft,48.91,0.92,acres,2,1,,,448 Westwood Ave,Star City,26505,WV,USA,72,-79.982383543698,39.659341185566
https://www.zillow.com/homedetails/477-Civitan-St-Morgantown-WV-26505/22901053_zpid/,,225000,8/21/2023,1288,sqft,174.69,3.03,acres,2,1.5,,,477 Civitan St,Morgantown,26505,WV,USA,73,-79.975947406698,39.658334326744
https://www.zillow.com/homedetails/105-Stonegate-Cir-Morgantown-WV-26505/58260716_zpid/,,203000,7/20/2023,1280,sqft,158.59,1800,sqft,2,3,,,105 Stonegate Cir,Morgantown,26505,WV,USA,74,,
https://www.zillow.com/homedetails/425-Drummond-St-Morgantown-WV-26505/22901167_zpid/,,277000,7/14/2023,1614,sqft,171.62,9278,sqft,2,2.5,,,425 Drummond St,Morgantown,26505,WV,USA,75,-79.967025800889,39.652762600688
https://www.zillow.com/homedetails/1228-Van-Voorhis-Rd-Morgantown-WV-26505/22890149_zpid/,,171500,7/7/2023,1320,sqft,129.92,0.46,acres,2,1.5,,,1228 Van Voorhis Rd,Morgantown,26505,WV,USA,76,-79.963167133523,39.66160662958
https://www.zillow.com/homedetails/205-Morgan-Dr-Morgantown-WV-26505/22890006_zpid/,,215000,7/5/2023,1816,sqft,118.39,1.05,acres,2,1.5,,,205 Morgan Dr,Morgantown,26505,WV,USA,77,-79.971157903696,39.668659879965
https://www.zillow.com/homedetails/1293-Fairlawns-Ave-Morgantown-WV-26505/125301717_zpid/,,289000,6/30/2023,811,sqft,356.35,7405,sqft,2,1,,,1293 Fairlawns Ave,Morgantown,26505,WV,USA,78,-79.979362353938,39.652649907627
https://www.zillow.com/homedetails/1431-Rand-St-Star-City-WV-26505/22903339_zpid/,,25000,5/22/2023,1004,sqft,24.9,1.15,acres,2,1,,,1431 Rand St,Star city,26505,WV,USA,79,-79.987628599672,39.651456921065
https://www.zillow.com/homedetails/384-Frontier-Ave-Morgantown-WV-26505/117734747_zpid/,,206000,3/20/2023,1500,sqft,137.33,971,sqft,2,2.5,,,384 Frontier Ave,Morgantown,26505,WV,USA,80,-79.990801596457,39.659335026586
https://www.zillow.com/homedetails/465-Crawford-Ave-Star-City-WV-26505/22902843_zpid/,,110000,1/26/2023,1152,sqft,95.49,0.38,acres,2,1.5,,,465 Crawford Ave,Star City,26505,WV,USA,81,-79.986683375516,39.660345663974
https://www.zillow.com/homedetails/1238-Van-Voorhis-Rd-Morgantown-WV-26505/22890047_zpid/,,160000,8/27/2021,1188,sqft,134.68,0.51,acres,2,1.5,,,1238 Van Voorhis Rd,Morgantown,26505,WV,USA,82,-79.96316369196,39.66168037726
https://www.zillow.com/homedetails/469-Westwood-Ave-Star-City-WV-26505/22903046_zpid/,,120000,11/28/2022,1368,sqft,87.72,5227.2,sqft,2,2,,,469 Westwood Ave,Star City,26505,WV,USA,83,-79.982442569645,39.659586713381
https://www.zillow.com/homedetails/1340-Cain-St-Morgantown-WV-26505/22889885_zpid/,,165000,11/3/2022,1040,sqft,158.65,,,2,2,,,1340 Cain St,Morgantown,26505,WV,USA,84,-79.980799776249,39.654701551189
https://www.zillow.com/homedetails/1220-Van-Voorhis-Rd-Morgantown-WV-26505/22890125_zpid/,,177500,10/31/2022,1188,sqft,149.41,0.44,acres,2,1.5,,,1220 Van Voorhis Rd,Morgantown,26505,WV,USA,85,-79.963174534268,39.661447870031
https://www.zillow.com/homedetails/52-Trope-Hill-Rd-Osage-WV-26543/304084079_zpid/,,106000,9/22/2022,1908,sqft,55.56,6534,sqft,2,1,,,52 Trope Hill Rd,Osage,26543,WV,USA,86,,
https://www.zillow.com/homedetails/11-Willow-Ln-Morgantown-WV-26505/22890455_zpid/,,175000,9/13/2022,1356,sqft,129.06,0.37,acres,2,2,,,11 Willow Ln,Morgantown,26505,WV,USA,87,-79.953150281059,39.653466884705
https://www.zillow.com/homedetails/465-Crawford-Ave-Morgantown-WV-26505/22902841_zpid/,,125000,8/31/2022,1152,sqft,108.51,0.38,acres,2,1.5,,,465 Crawford Ave,Morgantown,26505,WV,USA,88,-79.986683375516,39.660345663974
https://www.zillow.com/homedetails/1339-Riddle-Ave-Morgantown-WV-26505/89449959_zpid/,,200000,8/10/2022,1184,sqft,168.92,757,sqft,2,2.5,,,1339 Riddle Ave,Morgantown,26505,WV,USA,89,,
https://www.zillow.com/homedetails/381-Laurel-St-Morgantown-WV-26505/22901472_zpid/,,250000,7/12/2022,1058,sqft,236.29,1.64,acres,2,1,,,381 Laurel St,Morgantown,26505,WV,USA,90,-79.973186843264,39.653868147554
https://www.zillow.com/homedetails/1338-Headlee-Ave-Morgantown-WV-26505/122065325_zpid/,,175000,7/8/2022,1152,sqft,151.91,845,sqft,2,2.5,,,1338 Headlee Ave,Morgantown,26505,WV,USA,91,-79.953368925058,39.663712474595
https://www.zillow.com/homedetails/416-Herman-Ave-Morgantown-WV-26505/22902994_zpid/,,140000,4/25/2022,906,sqft,154.53,0.92,acres,2,1,,,416 Herman Ave,Morgantown,26505,WV,USA,92,-79.984416485008,39.658500899769
https://www.zillow.com/homedetails/3325-Oakwood-St-Morgantown-WV-26505/22901124_zpid/,,295000,,2030,sqft,145.32,9293,sqft,2,2,,,3325 Oakwood St,Morgantown,26505,WV,USA,93,-79.973152281062,39.660744446008
https://www.zillow.com/homedetails/1234-Van-Voorhis-Rd-Morgantown-WV-26505/22890064_zpid/,,139000,4/6/2022,1320,sqft,105.3,0.54,acres,2,1.5,,,1234 Van Voorhis Rd,Morgantown,26505,WV,USA,94,-79.963165068585,39.661650878188
https://www.zillow.com/homedetails/338-Jacobs-Dr-Morgantown-WV-26505/22901379_zpid/,,285000,4/1/2022,1512,sqft,188.49,0.43,acres,2,3,,,338 Jacobs Dr,Morgantown,26505,WV,USA,95,-79.978745607706,39.65568727272
https://www.zillow.com/homedetails/9-Regency-Ct-Morgantown-WV-26505/22890815_zpid/,,205000,3/14/2022,1324,sqft,154.83,0.34,acres,2,2.5,,,9 Regency Ct,Morgantown,26505,WV,USA,96,-79.946650132887,39.652170346769
https://www.zillow.com/homedetails/365-N-Parkview-Dr-Morgantown-WV-26505/22889870_zpid/,,65000,3/2/2022,690,sqft,94.2,1.16,acres,2,1,,,365 N Parkview Dr,Morgantown,26505,WV,USA,97,-79.980208259692,39.655508634568
https://www.zillow.com/homedetails/1208-Cambridge-Ave-Morgantown-WV-26505/22901330_zpid/,,223000,2/18/2022,1295,sqft,172.2,9104,sqft,2,2,,,1208 Cambridge Ave,Morgantown,26505,WV,USA,98,-79.975114195016,39.654580768275
https://www.zillow.com/homedetails/1364-Fenwick-Ave-Morgantown-WV-26505/22903075_zpid/,,189000,2/18/2022,700,sqft,270,4000,sqft,2,1,,,1364 Fenwick Ave,Morgantown,26505,WV,USA,99,-79.980003260251,39.660734363454
https://www.zillow.com/homedetails/30-French-Quarters-Dr-Morgantown-WV-26505/250743099_zpid/,,319900,2/11/2022,1341,sqft,238.55,8415,sqft,2,2,,,30 French Quarters Dr,Morgantown,26505,WV,USA,100,-79.970261403631,39.658507695132
https://www.zillow.com/homedetails/3254-Collins-Ferry-Rd-Morgantown-WV-26505/208917932_zpid/,,165000,2/9/2022,1668,sqft,98.92,1.15,acres,2,2,,,3254 Collins Ferry Rd,Morgantown,26505,WV,USA,101,-79.972150707133,39.658419256794
https://www.zillow.com/homedetails/30-French-Quarter-Dr-Morgantown-WV-26505/2072167458_zpid/,,319900,2/9/2022,1308,sqft,244.57,8415.79,sqft,2,2,,,30 French Quarter Dr,Morgantown,26505,WV,USA,102,-79.970261403631,39.658507695132
https://www.zillow.com/homedetails/428-Lawnview-Dr-Morgantown-WV-26505/22901917_zpid/,,210000,12/28/2021,1711,sqft,122.74,7274.52,sqft,2,2,,,428 Lawnview Dr,Morgantown,26505,WV,USA,103,-79.981286455797,39.667123669863
https://www.zillow.com/homedetails/8-Silver-View-Ct-Morgantown-WV-26505/69800267_zpid/,,200000,12/6/2021,1200,sqft,166.67,1202,sqft,2,2.5,,,8 Silver View Ct,Morgantown,26505,WV,USA,104,-79.953211913982,39.653080245622
https://www.zillow.com/homedetails/3493-University-Ave-Morgantown-WV-26505/22902825_zpid/,,600000,11/29/2021,980,sqft,612.24,2.75,acres,2,1,,,3493 University Ave,Morgantown,26505,WV,USA,105,-79.9877995616,39.658757893907
https://www.zillow.com/homedetails/508-Lake-St-Morgantown-WV-26505/22901126_zpid/,,120000,10/21/2021,1050,sqft,114.29,6364,sqft,2,1,,,508 Lake St,Morgantown,26505,WV,USA,106,-79.973823834113,39.660901164473
https://www.zillow.com/homedetails/286-Lilly-St-Morgantown-WV-26505/22903309_zpid/,,190000,10/1/2021,858,sqft,221.45,0.38,acres,2,1,,,286 Lilly St,Morgantown,26505,WV,USA,107,-79.983025779359,39.656529720741
https://www.zillow.com/homedetails/444-Westwood-Ave-Morgantown-WV-26505/22903124_zpid/,,150000,9/23/2021,1080,sqft,138.89,1.84,acres,2,1,,,444 Westwood Ave,Morgantown,26505,WV,USA,108,-79.982402105956,39.659299218725
https://www.zillow.com/homedetails/343-Crawford-Ave-Star-City-WV-26505/22903266_zpid/,,144900,9/21/2021,760,sqft,190.66,0.92,acres,2,1,,,343 Crawford Ave,Star City,26505,WV,USA,109,-79.987943479047,39.657401928581
https://www.zillow.com/homedetails/3-Bakers-Pointe-Morgantown-WV-26505/2071263961_zpid/,,148000,9/20/2021,1000,sqft,148,,,2,1.5,,,3 Bakers Pointe,Morgantown,26505,WV,USA,110,,
https://www.zillow.com/homedetails/241-Raven-Run-Morgantown-WV-26508/125341817_zpid/,,195000,10/2/2023,1386,sqft,140.69,1948,sqft,3,2.5,,,241 Raven Run,Morgantown,26508,WV,USA,111,-79.949867566276,39.669828278497
https://www.zillow.com/homedetails/460-Crawford-Ave-Morgantown-WV-26505/22902869_zpid/,,65000,9/29/2023,1144,sqft,56.82,4000,sqft,3,2,,,460 Crawford Ave,Morgantown,26505,WV,USA,112,-79.986560541281,39.660262866814
https://www.zillow.com/homedetails/895-Tremont-St-Morgantown-WV-26505/244361442_zpid/,,135000,9/13/2023,1520,sqft,88.82,,,3,2,,,895 Tremont St,Morgantown,26505,WV,USA,113,-79.948673085459,39.667360277289
https://www.zillow.com/homedetails/320-Mulberry-St-Morgantown-WV-26505/22901405_zpid/,,325000,9/11/2023,1749,sqft,185.82,8712,sqft,3,2,,,320 Mulberry St,Morgantown,26505,WV,USA,114,-79.977972575802,39.652643627464
https://www.zillow.com/homedetails/177-Windwood-Dr-Morgantown-WV-26505/58260691_zpid/,,200000,9/11/2023,1688,sqft,118.48,3998,sqft,3,2.5,,,177 Windwood Dr,Morgantown,26505,WV,USA,115,-79.961110549288,39.667164819362
https://www.zillow.com/homedetails/1230-Van-Voorhis-Rd-Morgantown-WV-26505/22890082_zpid/,,170000,5/31/2023,1668,sqft,101.92,0.59,acres,3,2.5,,,1230 Van Voorhis Rd,Morgantown,26505,WV,USA,116,-79.96316644521,39.661621379116
https://www.zillow.com/homedetails/479-Legion-St-Morgantown-WV-26505/22901066_zpid/,,335000,8/30/2023,1732,sqft,193.42,10018.8,sqft,3,2,,,479 Legion St,Morgantown,26505,WV,USA,117,-79.97396048577,39.658086729852
https://www.zillow.com/homedetails/1500-Van-Voorhis-Rd-Morgantown-WV-26505/22904153_zpid/,,7000000,8/29/2023,1348,sqft,5192.88,0.25,acres,3,2,,,1500 Van Voorhis Rd,Morgantown,26505,WV,USA,118,-79.962169460939,39.664046524005
https://www.zillow.com/homedetails/1448-Eastern-Ave-Morgantown-WV-26505/22902053_zpid/,,235000,8/28/2023,2548,sqft,92.23,8015.04,sqft,3,3,,,1448 Eastern Ave,Morgantown,26505,WV,USA,119,-79.973841197623,39.66471069815
https://www.zillow.com/homedetails/3439-Collins-Ferry-Rd-Morgantown-WV-26505/22901979_zpid/,,220530,8/23/2023,1167,sqft,188.97,0.37,acres,3,2,,,3439 Collins Ferry Rd,Morgantown,26505,WV,USA,120,-79.976093944673,39.663295639783
https://www.zillow.com/homedetails/1226-Van-Voorhis-Rd-Morgantown-WV-26505/22890095_zpid/,,185000,8/17/2023,1488,sqft,124.33,0.57,acres,3,2.5,,,1226 Van Voorhis Rd,Morgantown,26505,WV,USA,121,-79.963167821835,39.661591880044
https://www.zillow.com/homedetails/556-Mansfield-Ave-Star-City-WV-26505/22903073_zpid/,,230000,8/14/2023,1056,sqft,217.8,9997.02,sqft,3,1,,,556 Mansfield Ave,Star City,26505,WV,USA,122,-79.979980576266,39.66139630519
https://www.zillow.com/homedetails/1037-Windsor-Ave-Morgantown-WV-26505/22901173_zpid/,,330000,8/11/2023,1296,sqft,254.63,0.25,acres,3,2,,,1037 Windsor Ave,Morgantown,26505,WV,USA,123,-79.966003880876,39.653722641177
https://www.zillow.com/homedetails/458-Kensington-Ave-Star-City-WV-26505/22903044_zpid/,,320000,8/2/2023,,,,,,3,3,Catherine M Teets & Associates,,458 Kensington Ave,Star City,26505,WV,USA,124,,
https://www.zillow.com/homedetails/562-Aspen-St-Morgantown-WV-26505/22902148_zpid/,,294000,7/31/2023,1830,sqft,160.66,9147.6,sqft,3,2,,,562 Aspen St,Morgantown,26505,WV,USA,125,-79.972032384474,39.662369140859
https://www.zillow.com/homedetails/1312-Eastern-Ave-Morgantown-WV-26505/22902162_zpid/,,319000,7/19/2023,1919,sqft,166.23,8276.4,sqft,3,3,,,1312 Eastern Ave,Morgantown,26505,WV,USA,126,-79.971316708127,39.660908326883
https://www.zillow.com/homedetails/1286-Crestwood-Dr-Morgantown-WV-26505/22890217_zpid/,,385000,7/14/2023,2130,sqft,180.75,9583.2,sqft,3,3,,,1286 Crestwood Dr,Morgantown,26505,WV,USA,127,-79.955199534632,39.662849084925
https://www.zillow.com/homedetails/3253-University-Ave-Morgantown-WV-26505/22901343_zpid/,,230000,7/14/2023,930,sqft,247.31,9450,sqft,3,1,,,3253 University Ave,Morgantown,26505,WV,USA,128,-79.976393576957,39.656004591377
https://www.zillow.com/homedetails/1465-Woodland-Dr-Morgantown-WV-26505/22902009_zpid/,,235000,,1325,sqft,177.36,8712,sqft,3,2,,,1465 Woodland Dr,Morgantown,26505,WV,USA,129,-79.975926503078,39.664479704776
https://www.zillow.com/homedetails/116-Ellen-Ln-Morgantown-WV-26505/22890400_zpid/,,258000,7/7/2023,2508,sqft,102.87,0.25,acres,3,2.5,,,116 Ellen Ln,Morgantown,26505,WV,USA,130,-79.952738305312,39.660000076259
https://www.zillow.com/homedetails/449-Rotary-St-Morgantown-WV-26505/22901273_zpid/,,325000,7/7/2023,1974,sqft,164.64,3.03,acres,3,3,,,449 Rotary St,Morgantown,26505,WV,USA,131,-79.973812970855,39.657329682863
https://www.zillow.com/homedetails/1492-Western-Ave-Morgantown-WV-26505/22901943_zpid/,,235000,7/7/2023,960,sqft,244.79,9147.6,sqft,3,1,,,1492 Western Ave,Morgantown,26505,WV,USA,132,-79.978702015269,39.664255579726
https://www.zillow.com/homedetails/316-Villa-View-Dr-Morgantown-WV-26505/125197441_zpid/,,285000,7/6/2023,1848,sqft,154.22,5227,sqft,3,2.5,,,316 Villa View Dr,Morgantown,26505,WV,USA,133,-79.966054151202,39.66706925915
https://www.zillow.com/homedetails/901-Tremont-St-Morgantown-WV-26505/52351584_zpid/,,390000,6/30/2023,2376,sqft,164.14,0.29,acres,3,3,,,901 Tremont St,Morgantown,26505,WV,USA,134,-79.948358474786,39.667272934699
https://www.zillow.com/homedetails/1425-Canton-Ave-Star-City-WV-26505/22903342_zpid/,,288000,6/29/2023,1800,sqft,160,10000,sqft,3,3,,,1425 Canton Ave,Star City,26505,WV,USA,135,-79.987139379291,39.652283273065
https://www.zillow.com/homedetails/278-Palisades-Dr-Morgantown-WV-26508/125177671_zpid/,,236900,6/27/2023,2006,sqft,118.1,1868,sqft,3,3,,,278 Palisades Dr,Morgantown,26508,WV,USA,136,-79.945164786649,39.667947754473
https://www.zillow.com/homedetails/672-Bellaire-Dr-Morgantown-WV-26505/22902396_zpid/,,340000,6/26/2023,2265,sqft,150.11,7405.2,sqft,3,3,,,672 Bellaire Dr,Morgantown,26505,WV,USA,137,-79.966026075234,39.66018259107
https://www.zillow.com/homedetails/539-Meridan-St-Morgantown-WV-26505/22902131_zpid/,,209000,6/22/2023,1800,sqft,116.11,6969.6,sqft,3,2,,,539 Meridan St,Morgantown,26505,WV,USA,138,-79.973937191617,39.662567414194
https://www.zillow.com/homedetails/445-Lawnview-Dr-Morgantown-WV-26505/22901866_zpid/,,230000,6/15/2023,1249,sqft,184.15,10454.4,sqft,3,2,,,445 Lawnview Dr,Morgantown,26505,WV,USA,139,-79.980294629574,39.667134202164
https://www.zillow.com/homedetails/675-Colonial-Dr-Morgantown-WV-26505/22902371_zpid/,,195000,6/15/2023,2319,sqft,84.09,9583.2,sqft,3,2,,,675 Colonial Dr,Morgantown,26505,WV,USA,140,,
https://www.zillow.com/homedetails/132-Crestview-Dr-Morgantown-WV-26505/22905631_zpid/,,393000,6/9/2023,1846,sqft,212.89,8276.4,sqft,3,3,,,132 Crestview Dr,Morgantown,26505,WV,USA,141,-79.958003616328,39.674165561599
https://www.zillow.com/homedetails/417-Pocahontas-Ave-Morgantown-WV-26505/22901307_zpid/,,478850,6/5/2023,2655,sqft,180.36,0.28,acres,3,3,,,417 Pocahontas Ave,Morgantown,26505,WV,USA,142,-79.972553645472,39.654967869688
https://www.zillow.com/homedetails/601-Valley-View-Dr-Morgantown-WV-26505/22902287_zpid/,,583000,6/1/2023,2360,sqft,247.03,,,3,2.5,,,601 Valley View Dr,Morgantown,26505,WV,USA,143,-79.970445873827,39.663772559458
https://www.zillow.com/homedetails/4000-Morningside-Way-Morgantown-WV-26505/22889344_zpid/,,339000,5/31/2023,1699,sqft,199.53,4791.6,sqft,3,3,,,4000 Morningside Way,Morgantown,26505,WV,USA,144,-79.970634485436,39.668901224051
https://www.zillow.com/homedetails/548-Plymouth-Ave-Morgantown-WV-26505/22900974_zpid/,,310000,5/10/2023,1647,sqft,188.22,5250,sqft,3,2,,,548 Plymouth Ave,Morgantown,26505,WV,USA,145,-79.978343428856,39.66098897254
https://www.zillow.com/homedetails/677-Bellaire-Dr-Morgantown-WV-26505/22902388_zpid/,,325000,5/5/2023,2604,sqft,124.81,7535.88,sqft,3,2,,,677 Bellaire Dr,Morgantown,26505,WV,USA,146,-79.965890453073,39.660288411103
https://www.zillow.com/homedetails/667-Bellaire-Dr-Morgantown-WV-26505/22902393_zpid/,,325000,5/5/2023,1932,sqft,168.22,1.73,acres,3,1.5,,,667 Bellaire Dr,Morgantown,26505,WV,USA,147,-79.966196784695,39.660309229772
https://www.zillow.com/homedetails/508-Brian-Pl-Morgantown-WV-26505/22902483_zpid/,,315000,5/5/2023,2080,sqft,151.44,1.45,acres,3,3,,,508 Brian Pl,Morgantown,26505,WV,USA,148,-79.968492335361,39.655730431668
https://www.zillow.com/homedetails/1299-Bakers-Ridge-Rd-Morgantown-WV-26505/22904172_zpid/,,325000,5/2/2023,2136,sqft,152.15,0.94,acres,3,3,,,1299 Bakers Ridge Rd,Morgantown,26505,WV,USA,149,-79.953092671803,39.672850061532
https://www.zillow.com/homedetails/1054-Koontz-Ave-Morgantown-WV-26505/22901164_zpid/,,309000,4/26/2023,1625,sqft,190.15,10515,sqft,3,1.5,,,1054 Koontz Ave,Morgantown,26505,WV,USA,150,-79.967531687388,39.653903079317
https://www.zillow.com/homedetails/305-Huntington-Ave-Morgantown-WV-26501/22896474_zpid/,,222000,10/20/2023,1281,sqft,173.3,0.35,acres,3,2,,,305 Huntington Ave,Morgantown,26501,WV,USA,151,,
https://www.zillow.com/homedetails/101-Peninsula-Blvd-Morgantown-WV-26501/22895492_zpid/,,168000,10/10/2023,1120,sqft,150,2570.04,sqft,3,1,,,101 Peninsula Blvd,Morgantown,26501,WV,USA,152,-79.947009953341,39.622890357232
https://www.zillow.com/homedetails/599-Southern-Ave-Morgantown-WV-26501/22894431_zpid/,,165000,10/6/2023,1180,sqft,139.83,9888.12,sqft,3,1,,,599 Southern Ave,Morgantown,26501,WV,USA,153,-79.959834242658,39.61750945459
https://www.zillow.com/homedetails/320-Webster-Ave-Morgantown-WV-26501/22896713_zpid/,,80000,10/5/2023,1776,sqft,45.05,1.1,acres,3,2.5,,,320 Webster Ave,Morgantown,26501,WV,USA,154,-79.949440927764,39.617754352608
https://www.zillow.com/homedetails/612-Clinton-Ave-Morgantown-WV-26505/22898868_zpid/,,216500,9/26/2023,1575,sqft,137.46,3920.4,sqft,3,1,,,612 Clinton Ave,Morgantown,26505,WV,USA,155,-79.947349678547,39.630770243555
https://www.zillow.com/homedetails/621-Elmina-St-Morgantown-WV-26501/22895313_zpid/,,205000,9/25/2023,1694,sqft,121.02,2178,sqft,3,2,,,621 Elmina St,Morgantown,26501,WV,USA,156,-79.948030438294,39.624989664089
https://www.zillow.com/homedetails/159-Rosemarie-Dr-Morgantown-WV-26501/22896839_zpid/,,312000,9/25/2023,2415,sqft,129.19,0.26,acres,3,3,,,159 Rosemarie Dr,Morgantown,26501,WV,USA,157,-79.949643442638,39.615813799628
https://www.zillow.com/homedetails/227-Hagans-St-Morgantown-WV-26501/22895826_zpid/,,285400,9/15/2023,1688,sqft,169.08,1400,sqft,3,1,,,227 Hagans St,Morgantown,26501,WV,USA,158,-79.954832433356,39.624370053446
https://www.zillow.com/homedetails/257-Morris-St-Morgantown-WV-26501/22895865_zpid/,,375000,9/15/2023,2375,sqft,157.89,3484.8,sqft,3,3,,,257 Morris St,Morgantown,26501,WV,USA,159,-79.953669413762,39.624641507531
https://www.zillow.com/homedetails/511-Santa-Fe-Ct-Morgantown-WV-26508/98320779_zpid/,,329900,9/15/2023,1691,sqft,195.09,0.31,acres,3,3,,,511 Santa Fe Ct,Morgantown,26508,WV,USA,160,-79.934434312805,39.613963527989
https://www.zillow.com/homedetails/542-Brockway-Ave-Morgantown-WV-26501/22894999_zpid/,,69000,9/14/2023,1613,sqft,42.78,2038,sqft,3,1,,,542 Brockway Ave,Morgantown,26501,WV,USA,161,-79.949260582589,39.627125773886
https://www.zillow.com/homedetails/63-Monongahela-Ave-Morgantown-WV-26501/22909483_zpid/,,100000,9/13/2023,1070,sqft,93.46,3397.68,sqft,3,2,,,63 Monongahela Ave,Morgantown,26501,WV,USA,162,-79.973217367063,39.638963727188
https://www.zillow.com/homedetails/510-Globe-Ave-Morgantown-WV-26501/22894497_zpid/,,86000,9/11/2023,1676,sqft,51.31,1.03,acres,3,1,,,510 Globe Ave,Morgantown,26501,WV,USA,163,-79.96095386639,39.616899490741
https://www.zillow.com/homedetails/10-E-End-Ave-Morgantown-WV-26505/22899327_zpid/,,176000,9/7/2023,1378,sqft,127.72,9065,sqft,3,2,,,10 E End Ave,Morgantown,26505,WV,USA,164,-79.94053667578,39.632066435634
https://www.zillow.com/homedetails/616-Elmina-St-Morgantown-WV-26501/22895990_zpid/,,190000,9/5/2023,1530,sqft,124.18,1924.92,sqft,3,1,,,616 Elmina St,Morgantown,26501,WV,USA,165,-79.948198624488,39.624893082922
https://www.zillow.com/homedetails/126-Prairie-Ave-Morgantown-WV-26501/22893578_zpid/,,110000,8/31/2023,784,sqft,140.31,0.86,acres,3,,,,126 Prairie Ave,Morgantown,26501,WV,USA,166,-79.960442054109,39.626252545338
https://www.zillow.com/homedetails/447-Harner-St-Morgantown-WV-26501/22896138_zpid/,,75250,8/31/2023,1064,sqft,70.72,1.14,acres,3,1,,,447 Harner St,Morgantown,26501,WV,USA,167,-79.950068814932,39.621627856861
https://www.zillow.com/homedetails/600-Jefferson-St-Morgantown-WV-26501/22893933_zpid/,,310000,8/25/2023,1560,sqft,198.72,5837,sqft,3,2,,,600 Jefferson St,Morgantown,26501,WV,USA,168,-79.957716298504,39.620602705071
https://www.zillow.com/homedetails/1303-Carlisle-Ave-Morgantown-WV-26505/98319878_zpid/,,287000,8/24/2023,1680,sqft,170.83,3998.81,sqft,3,3,,,1303 Carlisle Ave,Morgantown,26505,WV,USA,169,-79.931201183581,39.633149622307
https://www.zillow.com/homedetails/1210-Milton-St-Morgantown-WV-26505/22899979_zpid/,,190000,8/23/2023,1152,sqft,164.93,0.26,acres,3,3,,,1210 Milton St,Morgantown,26505,WV,USA,170,,
https://www.zillow.com/homedetails/823-Price-St-Morgantown-WV-26505/22899456_zpid/,,132000,8/21/2023,1144,sqft,115.38,1.26,acres,3,3,,,823 Price St,Morgantown,26505,WV,USA,171,-79.949214537397,39.635130599456
https://www.zillow.com/homedetails/1190-Jersey-Ave-Morgantown-WV-26505/22900116_zpid/,,215000,8/21/2023,1258,sqft,170.91,7840.8,sqft,3,2,,,1190 Jersey Ave,Morgantown,26505,WV,USA,172,-79.934785303368,39.63458643366
https://www.zillow.com/homedetails/420-Delaware-Ave-Morgantown-WV-26501/22909543_zpid/,,431000,8/16/2023,2769,sqft,155.65,8276.4,sqft,3,5,,,420 Delaware Ave,Morgantown,26501,WV,USA,173,-79.970753168075,39.637087009675
https://www.zillow.com/homedetails/818-Ridgeway-Ave-Morgantown-WV-26505/22899082_zpid/,,150000,8/15/2023,938,sqft,159.91,3078.18,sqft,3,1,,,818 Ridgeway Ave,Morgantown,26505,WV,USA,174,-79.943318900759,39.631509152833
https://www.zillow.com/homedetails/25-Monongahela-Ave-Morgantown-WV-26501/22909494_zpid/,,31000,8/14/2023,984,sqft,31.5,1.35,acres,3,2,,,25 Monongahela Ave,Morgantown,26501,WV,USA,175,-79.97057348327,39.639111657672
https://www.zillow.com/homedetails/1041-Louise-Ave-Morgantown-WV-26505/22898964_zpid/,,325000,8/1/2023,1595,sqft,203.76,6186,sqft,3,3,,,1041 Louise Ave,Morgantown,26505,WV,USA,176,-79.942089402464,39.634710266073
https://www.zillow.com/homedetails/124-Kaustin-Dr-Morgantown-WV-26501/125342844_zpid/,,189000,8/2/2023,1628,sqft,116.09,1420,sqft,3,3,,,124 Kaustin Dr,Morgantown,26501,WV,USA,177,-79.944336669979,39.612606296535
https://www.zillow.com/homedetails/219-Miller-St-Granville-WV-26501/22884868_zpid/,,80000,8/1/2023,1030,sqft,77.67,1.06,acres,3,1,,,219 Miller St,Granville,26501,WV,USA,178,-79.99024260625,39.646974330835
https://www.zillow.com/homedetails/55-Cleveland-Ave-Morgantown-WV-26501/22910321_zpid/,,148000,8/1/2023,1143,sqft,129.48,0.29,acres,3,1,,,55 Cleveland Ave,Morgantown,26501,WV,USA,179,-79.969912063449,39.632270171142
https://www.zillow.com/homedetails/4-Lane-St-Westover-WV-26501/22910008_zpid/,,185000,7/28/2023,1496,sqft,123.66,5662.8,sqft,3,2,,,4 Lane St,Westover,26501,WV,USA,180,-79.966885703359,39.635023900307
https://www.zillow.com/homedetails/670-Callen-Ave-Morgantown-WV-26501/22893946_zpid/,,145000,7/24/2023,1872,sqft,77.46,7840.8,sqft,3,2,,,670 Callen Ave,Morgantown,26501,WV,USA,181,-79.968383667023,39.61644632319
https://www.zillow.com/homedetails/109-Village-Crest-Dr-Morgantown-WV-26508/22892225_zpid/,,355000,7/17/2023,1890,sqft,187.83,10018.8,sqft,3,3,,,109 Village Crest Dr,Morgantown,26508,WV,USA,182,-79.934586699271,39.616054337968
https://www.zillow.com/homedetails/359-Sanford-St-Morgantown-WV-26501/22893857_zpid/,,161500,7/17/2023,1148,sqft,140.68,7405.2,sqft,3,2,,,359 Sanford St,Morgantown,26501,WV,USA,183,-79.961709679886,39.620056012851
https://www.zillow.com/homedetails/1029-Louise-Ave-Morgantown-WV-26505/22898966_zpid/,,315500,7/17/2023,1595,sqft,197.81,5358.01,sqft,3,3,,,1029 Louise Ave,Morgantown,26505,WV,USA,184,-79.942186186893,39.634545185322
https://www.zillow.com/homedetails/621-Louise-Ave-Morgantown-WV-26505/22898994_zpid/,,207597,7/17/2023,2419,sqft,85.82,3484.8,sqft,3,2,,,621 Louise Ave,Morgantown,26505,WV,USA,185,-79.945824158546,39.630064209313
https://www.zillow.com/homedetails/850-Richwood-Ave-Morgantown-WV-26505/22899894_zpid/,,35000,7/13/2023,2100,sqft,16.67,9147,sqft,3,2,,,850 Richwood Ave,Morgantown,26505,WV,USA,186,-79.940738874454,39.630429997969
https://www.zillow.com/homedetails/219-New-Jersey-St-Morgantown-WV-26501/22910279_zpid/,,215000,7/12/2023,1655,sqft,129.91,3600,sqft,3,2,,,219 New Jersey St,Morgantown,26501,WV,USA,187,-79.96995810651,39.635451161627
https://www.zillow.com/homedetails/304-Webster-Ave-Morgantown-WV-26501/22896733_zpid/,,310000,7/11/2023,2198,sqft,141.04,5967.98,sqft,3,2,,,304 Webster Ave,Morgantown,26501,WV,USA,188,-79.95006347963,39.617602023957
https://www.zillow.com/homedetails/9-Buckhannon-St-Westover-WV-26501/22910106_zpid/,,245000,7/11/2023,1932,sqft,126.81,0.25,acres,3,2,,,9 Buckhannon St,Westover,26501,WV,USA,189,-79.946413903087,39.61834798297
https://www.zillow.com/homedetails/9-Buchanan-St-Morgantown-WV-26501/2058214799_zpid/,,245000,7/11/2023,1372,sqft,178.57,8276.4,sqft,3,2,,,9 Buchanan St,Morgantown,26501,WV,USA,190,-79.962944985522,39.633013189692
https://www.zillow.com/homedetails/447-Washington-St-Morgantown-WV-26501/22896165_zpid/,,235000,10/13/2023,1815,sqft,129.48,2613.6,sqft,4,2,,,447 Washington St,Morgantown,26501,WV,USA,191,-79.952124294958,39.622662595555
https://www.zillow.com/homedetails/272-Waitman-St-Morgantown-WV-26501/22893795_zpid/,,275000,10/6/2023,2010,sqft,136.82,3963.96,sqft,4,2,,,272 Waitman St,Morgantown,26501,WV,USA,192,-79.960569698012,39.622223558176
https://www.zillow.com/homedetails/725-White-Ave-Morgantown-WV-26501/22895588_zpid/,,100000,10/6/2023,1497,sqft,66.8,0.25,acres,4,1.5,,,725 White Ave,Morgantown,26501,WV,USA,193,-79.94319900218,39.621625226978
https://www.zillow.com/homedetails/932-Union-Ave-Morgantown-WV-26505/22898848_zpid/,,210000,,1429,sqft,146.96,5222.84,sqft,4,2,,,932 Union Ave,Morgantown,26505,WV,USA,194,-79.945049196334,39.633683957103
https://www.zillow.com/homedetails/644-W-Virginia-Ave-Morgantown-WV-26501/22894130_zpid/,,299900,8/31/2023,2397,sqft,125.11,6098.4,sqft,4,4,,,644 W Virginia Ave,Morgantown,26501,WV,USA,195,-79.96581559704,39.615753434867
https://www.zillow.com/homedetails/309-Gordon-St-Morgantown-WV-26501/22896435_zpid/,,225000,8/15/2023,1566,sqft,143.68,4508,sqft,4,2,,,309 Gordon St,Morgantown,26501,WV,USA,196,-79.951652292546,39.619708962882
https://www.zillow.com/homedetails/250-Dormont-St-Morgantown-WV-26501/22893913_zpid/,,510000,8/11/2023,2679,sqft,190.37,0.25,acres,4,3,,,250 Dormont St,Morgantown,26501,WV,USA,197,-79.959556994625,39.61974972406
https://www.zillow.com/homedetails/248-Waitman-St-Morgantown-WV-26501/22893789_zpid/,,429000,8/10/2023,2884,sqft,148.75,3963.96,sqft,4,2,,,248 Waitman St,Morgantown,26501,WV,USA,198,-79.960262362139,39.622538041395
https://www.zillow.com/homedetails/1090-Charles-Ave-Morgantown-WV-26505/22899209_zpid/,,252500,8/10/2023,2102,sqft,120.12,1.18,acres,4,2,,,1090 Charles Ave,Morgantown,26505,WV,USA,199,-79.93889665467,39.634988058379
https://www.zillow.com/homedetails/804-University-Ave-Morgantown-WV-26501/22893579_zpid/,,285000,8/1/2023,1473,sqft,193.48,1.17,acres,4,1,,,804 University Ave,Morgantown,26501,WV,USA,200,-79.96156845648,39.62546310763
https://www.zillow.com/homedetails/300-Fayette-St-Morgantown-WV-26505/22897009_zpid/,,135000,8/1/2023,1291,sqft,104.57,6825,sqft,4,2,,,300 Fayette St,Morgantown,26505,WV,USA,201,,
https://www.zillow.com/homedetails/126-Village-Crest-Dr-Morgantown-WV-26508/22892210_zpid/,,350000,7/31/2023,2350,sqft,148.94,0.25,acres,4,3,,,126 Village Crest Dr,Morgantown,26508,WV,USA,202,-79.934024946214,39.615755486647
https://www.zillow.com/homedetails/721-723-McKinley-Ave-Morgantown-WV-26505/244361169_zpid/,,145000,7/21/2023,2294,sqft,63.21,7997.62,sqft,4,3,,,721 & 723 McKinley Ave,Morgantown,26505,WV,USA,203,-79.946394903157,39.631411801758
https://www.zillow.com/homedetails/2009-Purinton-St-Morgantown-WV-26505/22900701_zpid/,,255000,7/18/2023,1903,sqft,134,6969.6,sqft,4,3,,,2009 Purinton St,Morgantown,26505,WV,USA,204,,
https://www.zillow.com/homedetails/232-Hagans-St-Morgantown-WV-26501/22895853_zpid/,,225000,7/5/2023,3320,sqft,67.77,3049.2,sqft,4,4,,,232 Hagans St,Morgantown,26501,WV,USA,205,-79.954766325709,39.624261723428
https://www.zillow.com/homedetails/423-Grand-St-Morgantown-WV-26501/22895840_zpid/,,500000,5/31/2023,3138,sqft,159.34,4500,sqft,4,3,,,423 Grand St,Morgantown,26501,WV,USA,206,-79.954762858953,39.623138537753
https://www.zillow.com/homedetails/142-W-Jackson-St-Westover-WV-26501/22886935_zpid/,,177000,4/28/2023,2218,sqft,79.8,0.74,acres,4,3,,,142 W Jackson St,Westover,26501,WV,USA,207,-79.965921743762,39.630472771086
https://www.zillow.com/homedetails/425-E-Brockway-Ave-Morgantown-WV-26501/22895483_zpid/,,159000,4/24/2023,1600,sqft,99.38,4950,sqft,4,2,,,425 E Brockway Ave,Morgantown,26501,WV,USA,208,-79.946076463035,39.623061019793
https://www.zillow.com/homedetails/304-Willey-St-Morgantown-WV-26505/89451026_zpid/,,280000,,3713,sqft,75.41,6098.4,sqft,4,2,,,304 Willey St,Morgantown,26505,WV,USA,209,-79.952020745986,39.631395186571
https://www.zillow.com/homedetails/1046-College-Ave-Morgantown-WV-26505/22898517_zpid/,,116500,4/14/2023,1500,sqft,77.67,3484.8,sqft,4,2,,,1046 College Ave,Morgantown,26505,WV,USA,210,-79.948896359238,39.638084021645
https://www.zillow.com/homedetails/345-Grandview-Ave-Morgantown-WV-26501/22896643_zpid/,,349000,4/3/2023,2275,sqft,153.41,0.27,acres,4,3,,,345 Grandview Ave,Morgantown,26501,WV,USA,211,-79.949930030686,39.618648757075
https://www.zillow.com/homedetails/301-Park-St-Morgantown-WV-26501/22895858_zpid/,,295000,3/27/2023,2291,sqft,128.76,4199.18,sqft,4,3,,,301 Park St,Morgantown,26501,WV,USA,212,-79.954128247755,39.624336079452
https://www.zillow.com/homedetails/524-Union-Ave-Morgantown-WV-26505/22899739_zpid/,,175000,3/15/2023,1890,sqft,92.59,3920.4,sqft,4,2,,,524 Union Ave,Morgantown,26505,WV,USA,213,-79.948122327964,39.630559140173
https://www.zillow.com/homedetails/44-Edgehill-St-Morgantown-WV-26501/22895322_zpid/,,4500,3/10/2023,1220,sqft,3.69,0.33,acres,4,1,,,44 Edgehill St,Morgantown,26501,WV,USA,214,-79.947651118767,39.625930247289
https://www.zillow.com/homedetails/925-Garrison-Ave-Morgantown-WV-26505/22898792_zpid/,,180000,3/10/2023,1187,sqft,151.64,5401.44,sqft,4,2,,,925 Garrison Ave,Morgantown,26505,WV,USA,215,-79.945803850269,39.63484726317
https://www.zillow.com/homedetails/342-344-Overdale-St-Morgantown-WV-26501/2060145361_zpid/,,225000,3/8/2023,1924,sqft,116.94,3833.28,sqft,4,2,,,342/344 Overdale St,Morgantown,26501,WV,USA,216,-79.948430038172,39.624481770351
https://www.zillow.com/homedetails/253-Morris-St-Morgantown-WV-26501/22895864_zpid/,,302000,3/7/2023,2130,sqft,141.78,4131,sqft,4,3,,,253 Morris St,Morgantown,26501,WV,USA,217,-79.953682041167,39.624701083007
https://www.zillow.com/homedetails/58-Sherman-Ave-Morgantown-WV-26501/22896531_zpid/,,328000,3/6/2023,1956,sqft,167.69,8015,sqft,4,3,,,58 Sherman Ave,Morgantown,26501,WV,USA,218,-79.956666473505,39.619325017234
https://www.zillow.com/homedetails/81-Kingwood-St-Morgantown-WV-26501/22894924_zpid/,,110000,2/3/2023,1968,sqft,55.89,906.78,sqft,4,2,,,81 Kingwood St,Morgantown,26501,WV,USA,219,-79.952181446765,39.627791003313
https://www.zillow.com/homedetails/125-S-Walnut-St-Morgantown-WV-26501/22895030_zpid/,,340000,1/24/2023,1885,sqft,180.37,4356,sqft,4,2,,,125 S Walnut St,Morgantown,26501,WV,USA,220,-79.953016440967,39.627069765551
https://www.zillow.com/homedetails/229-Wagner-Rd-Morgantown-WV-26501/22893760_zpid/,,525000,1/9/2023,2652,sqft,197.96,3920.4,sqft,4,4,,,229 Wagner Rd,Morgantown,26501,WV,USA,221,-79.960290731861,39.623489846071
https://www.zillow.com/homedetails/149-Dorsey-Ave-Morgantown-WV-26501/22893659_zpid/,,175000,1/5/2023,2204,sqft,79.4,0.35,acres,4,2,,,149 Dorsey Ave,Morgantown,26501,WV,USA,222,-79.963033166266,39.623632188818
https://www.zillow.com/homedetails/240-Dewey-St-Morgantown-WV-26501/22895215_zpid/,,325000,12/30/2022,2445,sqft,132.92,0.36,acres,4,3,,,240 Dewey St,Morgantown,26501,WV,USA,223,-79.949940220317,39.625729412178
https://www.zillow.com/homedetails/252-Franklin-St-Morgantown-WV-26501/22896453_zpid/,,364000,12/19/2022,1822,sqft,199.78,6721.31,sqft,4,2,,,252 Franklin St,Morgantown,26501,WV,USA,224,-79.9511397809,39.619854343292
https://www.zillow.com/homedetails/452-Clark-St-Morgantown-WV-26501/22895283_zpid/,,215000,12/9/2022,1806,sqft,119.05,2613.6,sqft,4,2,,,452 Clark St,Morgantown,26501,WV,USA,225,-79.950419961171,39.626885029753
https://www.zillow.com/homedetails/335-Watts-St-Morgantown-WV-26501/22895122_zpid/,,300000,12/8/2022,3100,sqft,96.77,0.29,acres,4,4,,,335 Watts St,Morgantown,26501,WV,USA,226,-79.952618195422,39.624930549233
https://www.zillow.com/homedetails/483-Dallas-St-Morgantown-WV-26505/22899514_zpid/,,100000,11/7/2022,1258,sqft,79.49,2613.6,sqft,4,1,,,483 Dallas St,Morgantown,26505,WV,USA,227,-79.950684067218,39.630414484347
https://www.zillow.com/homedetails/1043-Charles-Ave-Morgantown-WV-26505/22899163_zpid/,,26000,10/27/2022,1520,sqft,17.11,5227,sqft,4,2,,,1043 Charles Ave,Morgantown,26505,WV,USA,228,-79.940689189812,39.6340331712
https://www.zillow.com/homedetails/919-Vandalia-Rd-Morgantown-WV-26501/22895421_zpid/,,326570,10/13/2022,2634,sqft,123.98,7971.48,sqft,4,4,,,919 Vandalia Rd,Morgantown,26501,WV,USA,229,-79.935321482697,39.626127937339
https://www.zillow.com/homedetails/225-Webster-Ave-Morgantown-WV-26501/22896777_zpid/,,273500,10/11/2022,2031,sqft,134.66,7405.2,sqft,4,2,,,225 Webster Ave,Morgantown,26501,WV,USA,230,,
https://www.zillow.com/homedetails/853-Vandalia-Rd-Morgantown-WV-26501/22895615_zpid/,,439000,9/30/2022,3825,sqft,114.77,0.46,acres,4,3,,,853 Vandalia Rd,Morgantown,26501,WV,USA,231,-79.937002312408,39.622424501502
https://www.zillow.com/homedetails/474-Pythian-St-Morgantown-WV-26505/22901067_zpid/,,801200,10/2/2023,3257,sqft,245.99,9975.24,sqft,4,4,,,474 Pythian St,Morgantown,26505,WV,USA,232,-79.974055544794,39.658700433106
https://www.zillow.com/homedetails/113-Forest-Dr-Morgantown-WV-26505/208918381_zpid/,,444000,9/21/2023,3348,sqft,132.62,0.45,acres,4,5,,,113 Forest Dr,Morgantown,26505,WV,USA,233,-79.96970156179,39.665925047615
https://www.zillow.com/homedetails/375-Kenmore-St-Morgantown-WV-26505/22901424_zpid/,,805000,9/15/2023,3500,sqft,230,2.29,acres,4,4,,,375 Kenmore St,Morgantown,26505,WV,USA,234,-79.976126457681,39.654216182537
https://www.zillow.com/homedetails/350-Oakland-St-Morgantown-WV-26505/22901685_zpid/,,380000,9/5/2023,2783,sqft,136.54,7405.2,sqft,4,3,,,350 Oakland St,Morgantown,26505,WV,USA,235,,
https://www.zillow.com/homedetails/409-Mallard-Run-Morgantown-WV-26508/125176939_zpid/,,571000,9/5/2023,3992,sqft,143.04,10454,sqft,4,4,,,409 Mallard Run,Morgantown,26508,WV,USA,236,-79.949796885498,39.67139267672
https://www.zillow.com/homedetails/521-Woodhaven-Dr-Morgantown-WV-26505/22902166_zpid/,,354000,8/23/2023,2175,sqft,162.76,7405.2,sqft,4,3,,,521 Woodhaven Dr,Morgantown,26505,WV,USA,237,-79.972483509713,39.659867673278
https://www.zillow.com/homedetails/1340-Cherry-Ln-Morgantown-WV-26505/22890371_zpid/,,296000,8/14/2023,2344,sqft,126.28,9583.2,sqft,4,3,,,1340 Cherry Ln,Morgantown,26505,WV,USA,238,-79.949839538124,39.66160891614
https://www.zillow.com/homedetails/898-Stewart-Pl-Morgantown-WV-26505/22891464_zpid/,,297000,8/8/2023,2337,sqft,127.09,6520,sqft,4,3,,,898 Stewart Pl,Morgantown,26505,WV,USA,239,-79.944082988297,39.64788904298
https://www.zillow.com/homedetails/3003-Glenmark-Ct-Morgantown-WV-26505/22891131_zpid/,,435000,7/17/2023,2385,sqft,182.39,0.26,acres,4,3,,,3003 Glenmark Ct,Morgantown,26505,WV,USA,240,-79.934366536567,39.657535764905
https://www.zillow.com/homedetails/345-Villa-View-Dr-Morgantown-WV-26505/125299691_zpid/,,415000,7/17/2023,2636,sqft,157.44,8276.4,sqft,4,4,,,345 Villa View Dr,Morgantown,26505,WV,USA,241,-79.966746527292,39.667321732254
https://www.zillow.com/homedetails/817-Willowdale-Rd-Morgantown-WV-26505/22897042_zpid/,,300000,7/11/2023,2000,sqft,150,1.84,acres,4,2.5,,,817 Willowdale Rd,Morgantown,26505,WV,USA,242,-79.952786459391,39.647257616524
https://www.zillow.com/homedetails/333-Villa-View-Dr-Morgantown-WV-26505/121426184_zpid/,,385000,6/28/2023,2198,sqft,175.16,7840.8,sqft,4,3,,,333 Villa View Dr,Morgantown,26505,WV,USA,243,-79.966428154459,39.667261771855
https://www.zillow.com/homedetails/1073-Windsor-Ave-Morgantown-WV-26505/22901180_zpid/,,784000,6/26/2023,4240,sqft,184.91,10018.8,sqft,4,5,,,1073 Windsor Ave,Morgantown,26505,WV,USA,244,-79.965972173675,39.654402723198
https://www.zillow.com/homedetails/1260-Longdon-St-Morgantown-WV-26505/22902212_zpid/,,585000,6/22/2023,3250,sqft,180,9569,sqft,4,4,,,1260 Longdon St,Morgantown,26505,WV,USA,245,-79.968235344354,39.660219370295
https://www.zillow.com/homedetails/3005-Sun-Ct-Morgantown-WV-26505/250743093_zpid/,,386000,6/7/2023,2282,sqft,169.15,2613,sqft,4,3.5,,,3005 Sun Ct,Morgantown,26505,WV,USA,246,-79.941573008195,39.655793748403
https://www.zillow.com/homedetails/794-Morgan-Dr-Morgantown-WV-26505/22901798_zpid/,,440000,6/5/2023,2606,sqft,168.84,0.31,acres,4,3,,,794 Morgan Dr,Morgantown,26505,WV,USA,247,-79.974194817292,39.66758482079
https://www.zillow.com/homedetails/401-Rotary-St-Morgantown-WV-26505/22901251_zpid/,,306000,5/31/2023,1632,sqft,187.5,0.26,acres,4,2,,,401 Rotary St,Morgantown,26505,WV,USA,248,-79.974434656964,39.655477656591
https://www.zillow.com/homedetails/119-Cobblestone-Cir-Morgantown-WV-26505/22891225_zpid/,,400000,5/16/2023,2380,sqft,168.07,4356,sqft,4,3,,,119 Cobblestone Cir,Morgantown,26505,WV,USA,249,-79.954909274072,39.664822639139
https://www.zillow.com/homedetails/1006-Lucas-Dr-Morgantown-WV-26505/53743976_zpid/,,585000,4/17/2023,3640,sqft,160.71,7958.41,sqft,4,4,,,1006 Lucas Dr,Morgantown,26505,WV,USA,250,-79.93556307762,39.658609963236
https://www.zillow.com/homedetails/1296-Fairlawns-Ave-Morgantown-WV-26505/22901516_zpid/,,500000,4/14/2023,3200,sqft,156.25,2.97,acres,4,4,,,1296 Fairlawns Ave,Morgantown,26505,WV,USA,251,-79.979691726214,39.652708050113
https://www.zillow.com/homedetails/1297-Fairlawns-Ave-Morgantown-WV-26505/22901517_zpid/,,300000,4/14/2023,1600,sqft,187.5,7548,sqft,4,3,,,1297 Fairlawns Ave,Morgantown,26505,WV,USA,252,-79.979669873175,39.652594700665
https://www.zillow.com/homedetails/906-Rawley-Ave-Morgantown-WV-26505/22901669_zpid/,,350000,4/3/2023,1931,sqft,181.25,7500,sqft,4,2,,,906 Rawley Ave,Morgantown,26505,WV,USA,253,-79.963320883665,39.64794841142
https://www.zillow.com/homedetails/2052-Purinton-St-Morgantown-WV-26505/22900727_zpid/,,10000,2/27/2023,2180,sqft,4.59,0.38,acres,4,3,,,2052 Purinton St,Morgantown,26505,WV,USA,254,,
https://www.zillow.com/homedetails/488-Lawnview-Dr-Morgantown-WV-26505/22901930_zpid/,,335000,1/30/2023,1674,sqft,200.12,8276.4,sqft,4,3,,,488 Lawnview Dr,Morgantown,26505,WV,USA,255,-79.978123427152,39.666078441313
https://www.zillow.com/homedetails/1117-Munsey-Ave-Morgantown-WV-26505/22902477_zpid/,,364000,1/19/2023,1880,sqft,193.62,8718,sqft,4,3,,,1117 Munsey Ave,Morgantown,26505,WV,USA,256,-79.968287997537,39.655441708965
https://www.zillow.com/homedetails/105-Oakview-Dr-Morgantown-WV-26505/22889919_zpid/,,360000,1/17/2023,2467,sqft,145.93,10018.8,sqft,4,4,,,105 Oakview Dr,Morgantown,26505,WV,USA,257,-79.971026303136,39.666279190047
https://www.zillow.com/homedetails/541-Valley-Rd-Morgantown-WV-26505/22902033_zpid/,,230000,1/13/2023,1288,sqft,178.57,0.3,acres,4,2,,,541 Valley Rd,Morgantown,26505,WV,USA,258,-79.974468857374,39.663949241215
https://www.zillow.com/homedetails/520-Meridan-St-Morgantown-WV-26505/22902088_zpid/,,240000,1/10/2023,1778,sqft,134.98,8475,sqft,4,2,,,520 Meridan St,Morgantown,26505,WV,USA,259,-79.974422562421,39.662240578675
https://www.zillow.com/homedetails/908-Suncrest-Pl-Morgantown-WV-26505/59925226_zpid/,,681000,12/13/2022,3638,sqft,187.19,5445,sqft,4,4,,,908 Suncrest Pl,Morgantown,26505,WV,USA,260,-79.96577488722,39.658543604442
https://www.zillow.com/homedetails/1349-Winona-Ave-Morgantown-WV-26505/22890350_zpid/,,525000,12/9/2022,3491,sqft,150.39,0.44,acres,4,5,,,1349 Winona Ave,Morgantown,26505,WV,USA,261,-79.949836031297,39.662909371129
https://www.zillow.com/homedetails/1466-Lakeland-Ave-Morgantown-WV-26505/22901807_zpid/,,420000,12/9/2022,2400,sqft,175,0.26,acres,4,3,,,1466 Lakeland Ave,Morgantown,26505,WV,USA,262,-79.974042248867,39.665933489133
https://www.zillow.com/homedetails/16-French-Quarters-Dr-Morgantown-WV-26505/89452174_zpid/,,541000,11/17/2022,3809,sqft,142.03,4978.91,sqft,4,4,,,16 French Quarters Dr,Morgantown,26505,WV,USA,263,-79.970079597088,39.658576097592
https://www.zillow.com/homedetails/812-Cottonwood-St-Morgantown-WV-26505/22890892_zpid/,,387000,11/4/2022,2535,sqft,152.66,0.26,acres,4,3,,,812 Cottonwood St,Morgantown,26505,WV,USA,264,-79.950476142594,39.6659760412
https://www.zillow.com/homedetails/1496-Eastern-Ave-Morgantown-WV-26505/22902047_zpid/,,405000,10/28/2022,3423,sqft,118.32,7840.8,sqft,4,4,,,1496 Eastern Ave,Morgantown,26505,WV,USA,265,-79.974786225805,39.666132654303
https://www.zillow.com/homedetails/2005-White-Oak-Dr-Morgantown-WV-26505/22891184_zpid/,,552500,9/22/2022,3970,sqft,139.17,0.3,acres,4,4,,,2005 White Oak Dr,Morgantown,26505,WV,USA,266,-79.960609446641,39.662812252168
https://www.zillow.com/homedetails/8-Riddle-Ct-Morgantown-WV-26505/125343148_zpid/,,234900,9/8/2022,1544,sqft,152.14,2700,sqft,4,3,,,8 Riddle Ct,Morgantown,26505,WV,USA,267,-79.951289412287,39.663624079267
https://www.zillow.com/homedetails/1502-Eastern-Ave-Morgantown-WV-26505/22902044_zpid/,,275000,8/19/2022,1557,sqft,176.62,8712,sqft,4,2,,,1502 Eastern Ave,Morgantown,26505,WV,USA,268,-79.974901659409,39.666302644755
https://www.zillow.com/homedetails/776-Northwest-Dr-Morgantown-WV-26505/22890266_zpid/,,335000,8/12/2022,2480,sqft,135.08,7405.2,sqft,4,3,,,776 Northwest Dr,Morgantown,26505,WV,USA,269,-79.953490642398,39.665249211486
https://www.zillow.com/homedetails/561-Springdale-Ave-Star-City-WV-26505/22903091_zpid/,,280000,8/11/2022,1477,sqft,189.57,6490,sqft,4,2,,,561 Springdale Ave,Star city,26505,WV,USA,270,-79.981082325228,39.66129602064
https://www.zillow.com/homedetails/401-Mallard-Run-Morgantown-WV-26508/125180777_zpid/,,421500,7/29/2022,3148,sqft,133.89,0.4,acres,4,3,,,401 Mallard Run,Morgantown,26508,WV,USA,271,-79.950038202385,39.671360501142
https://www.zillow.com/homedetails/350-Vassar-St-Morgantown-WV-26505/208905500_zpid/,,489000,7/28/2022,2128,sqft,229.79,8759,sqft,4,2,,,350 Vassar St,Morgantown,26505,WV,USA,272,-79.963549122652,39.647384291041
https://www.zillow.com/homedetails/664-Willey-St-Morgantown-WV-26505/22899625_zpid/,,144100,10/11/2023,1680,sqft,85.77,0.73,acres,6,2,,,664 Willey St,Morgantown,26505,WV,USA,273,-79.949898496459,39.632635064432
https://www.zillow.com/homedetails/128-Wagner-Rd-Morgantown-WV-26501/22893583_zpid/,,20000,10/10/2023,9064,sqft,2.21,0.27,acres,6,11,,,128 Wagner Rd,Morgantown,26501,WV,USA,274,-79.959230047826,39.62481251094
https://www.zillow.com/homedetails/600-Preston-Rd-Morgantown-WV-26505/22899856_zpid/,,1000000,9/15/2023,5906,sqft,169.32,9.01,acres,5,3,,,600 Preston Rd,Morgantown,26505,WV,USA,275,-79.943939323663,39.629329617375
https://www.zillow.com/homedetails/10-Maple-Ave-Morgantown-WV-26501/22893903_zpid/,,842850,6/30/2023,3896,sqft,216.34,10454.4,sqft,5,4,,,10 Maple Ave,Morgantown,26501,WV,USA,276,-79.959629505445,39.621204569419
https://www.zillow.com/homedetails/289-Wiles-St-Morgantown-WV-26505/22899493_zpid/,,50000,6/6/2023,1860,sqft,26.88,0.48,acres,5,,,,289 Wiles St,Morgantown,26505,WV,USA,277,-79.951085895021,39.632839100287
https://www.zillow.com/homedetails/428-Pennsylvania-Ave-Morgantown-WV-26501/22894932_zpid/,,240000,5/31/2023,2146,sqft,111.84,5227.2,sqft,5,3,,,428 Pennsylvania Ave,Morgantown,26501,WV,USA,278,-79.951293563403,39.627819253235
https://www.zillow.com/homedetails/251-Franklin-St-Morgantown-WV-26501/22896448_zpid/,,349000,5/26/2023,2660,sqft,131.2,4356,sqft,6,3,,,251 Franklin St,Morgantown,26501,WV,USA,279,-79.951343026436,39.619750457737
https://www.zillow.com/homedetails/209-Green-St-Morgantown-WV-26501/22895227_zpid/,,238000,5/18/2023,2226,sqft,106.92,4410,sqft,5,2.5,,,209 Green St,Morgantown,26501,WV,USA,280,-79.950943609149,39.626272282766
https://www.zillow.com/homedetails/494-Winsley-St-Morgantown-WV-26501/89451012_zpid/,,180000,4/28/2023,1982,sqft,90.82,3484.8,sqft,6,2,,,494 Winsley St,Morgantown,26501,WV,USA,281,-79.948642109704,39.62405562715
https://www.zillow.com/homedetails/974-Willey-St-Morgantown-WV-26505/22898832_zpid/,,239000,1/30/2023,2036,sqft,117.39,0.26,acres,5,3,,,974 Willey St,Morgantown,26505,WV,USA,282,-79.944766951128,39.635126126191
https://www.zillow.com/homedetails/21-Morrison-Ave-Westover-WV-26501/22909919_zpid/,,415000,1/6/2023,3609,sqft,114.99,5662.8,sqft,5,5,,,21 Morrison Ave,Westover,26501,WV,USA,283,-79.964631700608,39.634479978085
https://www.zillow.com/homedetails/323-Demain-Ave-Morgantown-WV-26501/22895891_zpid/,,510000,1/4/2023,3362,sqft,151.7,6490,sqft,5,4,,,323 Demain Ave,Morgantown,26501,WV,USA,284,-79.953128040344,39.624070357305
https://www.zillow.com/homedetails/773-Garrison-Ave-Morgantown-WV-26505/22898806_zpid/,,135000,12/7/2022,1714,sqft,78.76,,,7,3,,,773 Garrison Ave,Morgantown,26505,WV,USA,285,-79.946700885503,39.633824713393
https://www.zillow.com/homedetails/217-S-Walnut-St-Morgantown-WV-26501/22895127_zpid/,,370000,8/15/2022,2369,sqft,156.18,3898.62,sqft,5,2,,,217 S Walnut St,Morgantown,26501,WV,USA,286,-79.95289318867,39.626104257767
https://www.zillow.com/homedetails/309-Grand-St-Morgantown-WV-26501/22895834_zpid/,,315375,6/9/2022,3254,sqft,96.92,,,5,3,,,309 Grand St,Morgantown,26501,WV,USA,287,-79.954992458004,39.624195021473
https://www.zillow.com/homedetails/793-S-Hills-Dr-Morgantown-WV-26501/22895633_zpid/,,475900,5/20/2022,2832,sqft,168.04,,,5,4,,,793 S Hills Dr,Morgantown,26501,WV,USA,288,-79.940248392755,39.620710585457
https://www.zillow.com/homedetails/912-Southpoint-Cir-Morgantown-WV-26501/22896942_zpid/,,720000,5/9/2022,4142,sqft,173.83,0.53,acres,5,4,,,912 Southpoint Cir,Morgantown,26501,WV,USA,289,-79.941514193865,39.617869178202
https://www.zillow.com/homedetails/425-Park-St-Morgantown-WV-26501/22895878_zpid/,,303000,4/13/2022,2664,sqft,113.74,3049.2,sqft,5,2,,,425 Park St,Morgantown,26501,WV,USA,290,-79.95385095764,39.623078223018
https://www.zillow.com/homedetails/308-Grand-St-Morgantown-WV-26501/22895814_zpid/,,500000,4/8/2022,3487,sqft,143.39,4500,sqft,6,3,,,308 Grand St,Morgantown,26501,WV,USA,291,-79.955139051498,39.624175484357
https://www.zillow.com/homedetails/544-Spruce-St-Morgantown-WV-26505/22899506_zpid/,,550000,4/5/2022,10320,sqft,53.29,1.69,acres,12,5,,,544 Spruce St,Morgantown,26505,WV,USA,292,-79.952609050392,39.632027372439
https://www.zillow.com/homedetails/200-Jackson-Ave-Morgantown-WV-26501/22896341_zpid/,,350000,3/28/2022,5188,sqft,67.46,9583.2,sqft,5,3,,,200 Jackson Ave,Morgantown,26501,WV,USA,293,-79.955245129024,39.621086117728
https://www.zillow.com/homedetails/206-New-York-Ave-Westover-WV-26501/22909519_zpid/,,220000,3/25/2022,2244,sqft,98.04,0.37,acres,5,2,,,206 New York Ave,Westover,26501,WV,USA,294,-79.969415336837,39.636096141312
https://www.zillow.com/homedetails/388-Dorsey-Ave-Morgantown-WV-26501/22893635_zpid/,,130000,3/4/2022,1984,sqft,65.52,3920.4,sqft,5,3,,,388 Dorsey Ave,Morgantown,26501,WV,USA,295,-79.962938083211,39.6199326182
https://www.zillow.com/homedetails/751-Snider-St-Morgantown-WV-26505/22898813_zpid/,,155000,2/25/2022,1910,sqft,81.15,4356,sqft,5,3,,,751 Snider St,Morgantown,26505,WV,USA,296,-79.947356898064,39.633103535526
https://www.zillow.com/homedetails/516-Pearl-Ave-Morgantown-WV-26505/22899694_zpid/,,210000,2/22/2022,3136,sqft,66.96,5575.68,sqft,5,3,,,516 Pearl Ave,Morgantown,26505,WV,USA,297,-79.949251605139,39.630404285742
https://www.zillow.com/homedetails/748-Augusta-Ave-Morgantown-WV-26501/22896898_zpid/,,682000,12/7/2021,6016,sqft,113.36,0.33,acres,5,5,,,748 Augusta Ave,Morgantown,26501,WV,USA,298,-79.94090455702,39.619168991457
https://www.zillow.com/homedetails/332-S-High-St-Morgantown-WV-26501/22893644_zpid/,,380000,11/29/2021,2920,sqft,130.14,0.25,acres,5,3,,,332 S High St,Morgantown,26501,WV,USA,299,-79.962369201969,39.622650411415
https://www.zillow.com/homedetails/442-Grand-St-Morgantown-WV-26501/22896200_zpid/,,360000,11/22/2021,2844,sqft,126.58,4950,sqft,5,4,,,442 Grand St,Morgantown,26501,WV,USA,300,-79.954801681443,39.62263721729
https://www.zillow.com/homedetails/1004-N-Willey-St-Morgantown-WV-26505/22898944_zpid/,,209000,11/8/2021,2880,sqft,72.57,4356,sqft,5,2,,,1004 N Willey St,Morgantown,26505,WV,USA,301,-79.943294836431,39.634084125889
https://www.zillow.com/homedetails/328-Wagner-Rd-Morgantown-WV-26501/22893733_zpid/,,350000,11/4/2021,2700,sqft,129.63,,,5,3,,,328 Wagner Rd,Morgantown,26501,WV,USA,302,-79.962196141687,39.621660689594
https://www.zillow.com/homedetails/349-Dorsey-Ave-Morgantown-WV-26501/22893740_zpid/,,268500,9/3/2021,2800,sqft,95.89,7405.2,sqft,5,3,,,349 Dorsey Ave,Morgantown,26501,WV,USA,303,-79.962556277928,39.620703508206
https://www.zillow.com/homedetails/809-Monongalia-Ave-Morgantown-WV-26505/22898892_zpid/,,185000,8/9/2021,2245,sqft,82.41,3750,sqft,5,2,,,809 Monongalia Ave,Morgantown,26505,WV,USA,304,-79.944988645151,39.632341237328
https://www.zillow.com/homedetails/517-Park-St-Morgantown-WV-26501/22896281_zpid/,,595000,7/28/2021,4690,sqft,126.87,0.4,acres,5,4,,,517 Park St,Morgantown,26501,WV,USA,305,-79.953599826125,39.621902238377
https://www.zillow.com/homedetails/408-Grand-St-Morgantown-WV-26501/22895812_zpid/,,345000,7/15/2021,2470,sqft,139.68,5392.5,sqft,5,3,,,408 Grand St,Morgantown,26501,WV,USA,306,-79.954971264526,39.623413105013
https://www.zillow.com/homedetails/43-Lane-St-Westover-WV-26501/22909824_zpid/,,285000,7/14/2021,2706,sqft,105.32,5575.68,sqft,5,3,,,43 Lane St,Westover,26501,WV,USA,307,,
https://www.zillow.com/homedetails/446-Grand-St-Morgantown-WV-26501/22896201_zpid/,,412000,6/28/2021,2854,sqft,144.36,6270,sqft,5,3,,,446 Grand St,Morgantown,26501,WV,USA,308,-79.95479350752,39.622590898365
https://www.zillow.com/homedetails/705-S-Hills-Dr-Morgantown-WV-26501/22896877_zpid/,,415000,5/14/2021,3838,sqft,108.13,8712,sqft,5,5,,,705 S Hills Dr,Morgantown,26501,WV,USA,309,-79.944670548516,39.619188759303
https://www.zillow.com/homedetails/450-Grand-St-Morgantown-WV-26501/22896202_zpid/,,342500,4/20/2021,3105,sqft,110.31,5060,sqft,5,2,,,450 Grand St,Morgantown,26501,WV,USA,310,-79.954785333596,39.62254457944
https://www.zillow.com/homedetails/620-Grand-St-Morgantown-WV-26501/22896375_zpid/,,430000,2/8/2021,2600,sqft,165.38,0.49,acres,5,3,,,620 Grand St,Morgantown,26501,WV,USA,311,-79.953945004955,39.620570165132
https://www.zillow.com/homedetails/652-Madigan-Ave-Morgantown-WV-26501/22894025_zpid/,,160000,12/23/2020,2668,sqft,59.97,8002,sqft,6,3,,,652 Madigan Ave,Morgantown,26501,WV,USA,312,-79.967380991497,39.616403173543
https://www.zillow.com/homedetails/202-New-Jersey-Ave-Westover-WV-26501/22910284_zpid/,,275000,12/11/2020,2932,sqft,93.79,3998.81,sqft,5,4,,,202 New Jersey Ave,Westover,26501,WV,USA,313,-79.969300110674,39.6352661367
https://www.zillow.com/homedetails/322-Baldwin-St-Morgantown-WV-26505/22901584_zpid/,,510000,10/4/2023,2896,sqft,176.1,0.55,acres,5,4,,,322 Baldwin St,Morgantown,26505,WV,USA,314,-79.97227289455,39.651025452279
https://www.zillow.com/homedetails/7-Nordic-Dr-Morgantown-WV-26505/22891063_zpid/,,825000,6/15/2023,5500,sqft,150,0.55,acres,5,5,,,7 Nordic Dr,Morgantown,26505,WV,USA,315,-79.936681018299,39.656583357661
https://www.zillow.com/homedetails/663-Kenwood-Pl-Morgantown-WV-26505/22902535_zpid/,,195000,6/1/2023,2470,sqft,78.95,0.57,acres,5,3,,,663 Kenwood Pl,Morgantown,26505,WV,USA,316,-79.966233668367,39.665122623269
https://www.zillow.com/homedetails/3336-Collins-Ferry-Rd-Morgantown-WV-26505/22901127_zpid/,,320000,4/28/2023,1840,sqft,173.91,1.6,acres,5,2,,,3336 Collins Ferry Rd,Morgantown,26505,WV,USA,317,-79.974064293601,39.66079925213
https://www.zillow.com/homedetails/11-Nordic-Dr-Morgantown-WV-26505/22891065_zpid/,,633000,12/12/2022,4261,sqft,148.56,0.5,acres,6,5,,,11 Nordic Dr,Morgantown,26505,WV,USA,318,-79.937209758778,39.657122945654
https://www.zillow.com/homedetails/1382-Somerset-St-Star-City-WV-26505/22903064_zpid/,,281500,8/25/2022,1505,sqft,187.04,0.28,acres,8,2,,,1382 Somerset St,Star city,26505,WV,USA,319,-79.981216058252,39.662030873813
https://www.zillow.com/homedetails/578-Rollingwood-St-Morgantown-WV-26505/22901846_zpid/,,725000,8/11/2022,4184,sqft,173.28,0.64,acres,5,5,,,578 Rollingwood St,Morgantown,26505,WV,USA,320,-79.973939808998,39.667035234305
https://www.zillow.com/homedetails/1141-Krepps-St-Morgantown-WV-26505/22901494_zpid/,,550000,7/28/2022,3683,sqft,149.33,9000,sqft,6,4,,,1141 Krepps St,Morgantown,26505,WV,USA,321,-79.972057719814,39.653084043393
https://www.zillow.com/homedetails/115-Cobblestone-Cir-Morgantown-WV-26505/22891237_zpid/,,396000,7/8/2022,2105,sqft,188.12,3920.4,sqft,5,3,,,115 Cobblestone Cir,Morgantown,26505,WV,USA,322,-79.954922444315,39.664761752351
https://www.zillow.com/homedetails/10-Bates-Rd-Morgantown-WV-26505/22891421_zpid/,,5600,7/5/2022,2466,sqft,2.27,3.58,acres,5,4,,,10 Bates Rd,Morgantown,26505,WV,USA,323,-79.948744409531,39.646960470122
https://www.zillow.com/homedetails/722-Poplar-Woods-Dr-Morgantown-WV-26505/22889977_zpid/,,546000,6/29/2022,3400,sqft,160.59,0.56,acres,5,4,,,722 Poplar Woods Dr,Morgantown,26505,WV,USA,324,-79.965497391335,39.665327797274
https://www.zillow.com/homedetails/43-Linwood-Rd-Morgantown-WV-26505/22890663_zpid/,,643000,6/20/2022,4676,sqft,137.51,0.33,acres,5,4,,,43 Linwood Rd,Morgantown,26505,WV,USA,325,,
https://www.zillow.com/homedetails/1111-Munsey-Ave-Morgantown-WV-26505/22901154_zpid/,,775000,5/17/2022,5736,sqft,135.11,0.86,acres,5,6,,,1111 Munsey Ave,Morgantown,26505,WV,USA,326,-79.968032170355,39.655175920333
https://www.zillow.com/homedetails/657-Poplar-Woods-Dr-Morgantown-WV-26505/22889965_zpid/,,539000,5/16/2022,4535,sqft,118.85,0.7,acres,5,4,,,657 Poplar Woods Dr,Morgantown,26505,WV,USA,327,-79.966102578422,39.665926194853
https://www.zillow.com/homedetails/647-Southview-St-Morgantown-WV-26505/22902265_zpid/,,285000,5/12/2022,2319,sqft,122.9,6969.6,sqft,5,3,,,647 Southview St,Morgantown,26505,WV,USA,328,-79.966931039074,39.662362126806
https://www.zillow.com/homedetails/603-Schubert-Pl-Morgantown-WV-26505/22902291_zpid/,,605000,4/27/2022,3471,sqft,174.3,0.62,acres,5,3,,,603 Schubert Pl,Morgantown,26505,WV,USA,329,-79.970887142935,39.664452793109
https://www.zillow.com/homedetails/1532-Woodland-Dr-Morgantown-WV-26505/2078802557_zpid/,,592000,4/8/2022,3300,sqft,179.39,8276,sqft,5,4,,,1532 Woodland Dr,Morgantown,26505,WV,USA,330,,
https://www.zillow.com/homedetails/425-Lewis-St-Morgantown-WV-26505/22890707_zpid/,,182000,1/24/2022,3046,sqft,59.75,0.4,acres,5,2,,,425 Lewis St,Morgantown,26505,WV,USA,331,-79.942009830394,39.647569476781
https://www.zillow.com/homedetails/55-Tara-Pl-Morgantown-WV-26505/22891125_zpid/,,569900,11/29/2021,3584,sqft,159.01,0.34,acres,5,4,,,55 Tara Pl,Morgantown,26505,WV,USA,332,-79.938990318982,39.656927694833
https://www.zillow.com/homedetails/520-Pocahontas-Ave-Morgantown-WV-26505/22901507_zpid/,,1187700,10/29/2021,10761,sqft,110.37,0.56,acres,6,7,,,520 Pocahontas Ave,Morgantown,26505,WV,USA,333,-79.97199948454,39.6557275792
https://www.zillow.com/homedetails/1453-Anderson-Ave-Morgantown-WV-26505/22901828_zpid/,,737000,9/28/2021,4585,sqft,160.74,7840.8,sqft,5,5,,,1453 Anderson Ave,Morgantown,26505,WV,USA,334,-79.971872846269,39.665622471739
https://www.zillow.com/homedetails/901-Suncrest-Pl-Morgantown-WV-26505/59925238_zpid/,,610000,9/23/2021,3640,sqft,167.58,5619.24,sqft,5,4,,,901 Suncrest Pl,Morgantown,26505,WV,USA,335,-79.96580757975,39.658430840092
https://www.zillow.com/homedetails/820-Riverview-Dr-Morgantown-WV-26505/22901707_zpid/,,850000,9/2/2021,5509,sqft,154.29,0.33,acres,7,7,,,820 Riverview Dr,Morgantown,26505,WV,USA,336,-79.961335976081,39.646924370322
https://www.zillow.com/homedetails/416-Mallard-Run-Morgantown-WV-26508/125199585_zpid/,,435000,8/26/2021,3149,sqft,138.14,0.36,acres,5,5,,,416 Mallard Run,Morgantown,26508,WV,USA,337,-79.950381565977,39.671312598764
https://www.zillow.com/homedetails/932-Suncrest-Pl-Morgantown-WV-26505/59925232_zpid/,,640000,8/9/2021,3597,sqft,177.93,8712,sqft,5,4,,,932 Suncrest Pl,Morgantown,26505,WV,USA,338,-79.965828987567,39.658558702218
https://www.zillow.com/homedetails/2014-White-Oak-Dr-Morgantown-WV-26505/22891176_zpid/,,875000,7/30/2021,4804,sqft,182.14,0.46,acres,5,4,,,2014 White Oak Dr,Morgantown,26505,WV,USA,339,-79.960134911124,39.66282052995
https://www.zillow.com/homedetails/15-Dartmouth-St-Morgantown-WV-26505/22890573_zpid/,,595000,7/19/2021,4304,sqft,138.24,0.5,acres,5,4,,,15 Dartmouth St,Morgantown,26505,WV,USA,340,-79.946761730304,39.649276620107
https://www.zillow.com/homedetails/615-Poplar-Woods-Dr-Morgantown-WV-26505/22889960_zpid/,,799000,7/14/2021,5065,sqft,157.75,0.51,acres,5,6,,,615 Poplar Woods Dr,Morgantown,26505,WV,USA,341,-79.966403953949,39.666122731998
https://www.zillow.com/homedetails/912-Suncrest-Pl-Morgantown-WV-26505/59925227_zpid/,,618500,6/10/2021,3670,sqft,168.53,4870.01,sqft,5,4,,,912 Suncrest Pl,Morgantown,26505,WV,USA,342,-79.965783903945,39.658546120738
https://www.zillow.com/homedetails/1-Catalpa-St-Morgantown-WV-26505/22891096_zpid/,,707500,6/2/2021,4736,sqft,149.39,0.31,acres,5,4,,,1 Catalpa St,Morgantown,26505,WV,USA,343,,
https://www.zillow.com/homedetails/106-Oakview-Dr-Morgantown-WV-26505/22889904_zpid/,,402800,5/27/2021,2500,sqft,161.12,9583.2,sqft,5,5,,,106 Oakview Dr,Morgantown,26505,WV,USA,344,-79.971166694015,39.666637227091
https://www.zillow.com/homedetails/124-Cobblestone-Cir-Morgantown-WV-26505/22891233_zpid/,,339000,4/5/2021,2619,sqft,129.44,4356,sqft,5,3,,,124 Cobblestone Cir,Morgantown,26505,WV,USA,345,-79.954738492563,39.664845190013
https://www.zillow.com/homedetails/1209-Douglass-Ave-Morgantown-WV-26505/22902499_zpid/,,500,3/24/2021,2888,sqft,0.17,8999,sqft,7,5,,,1209 Douglass Ave,Morgantown,26505,WV,USA,346,-79.966619565253,39.656579547291
https://www.zillow.com/homedetails/30-Vintner-Pl-Morgantown-WV-26505/98320021_zpid/,,765000,12/11/2020,3502,sqft,218.45,0.28,acres,5,6,,,30 Vintner Pl,Morgantown,26505,WV,USA,347,-79.969013522819,39.657051467417
